user_id,signup_ts,country,kyc_status,device_os,is_deleted,deleted_ts
385ff8d9-7038-482f-853a-4c5516ad32e7,2026-01-02T05:08:22Z,FR,none,ios,False,
8f50c14d-f5fb-40de-bf08-66e72eba82b6,2026-01-27T11:23:53Z,GB,none,ios,False,
08466522-8828-44ad-996f-fe7df4649b79,2026-01-02T06:54:59Z,NG,approved,android,False,
27f82913-a43b-4e07-b718-ee7b1d7d48ff,2026-01-14T12:06:56Z,IN,approved,ios,False,
440d1f44-d12d-41da-95c1-88430b231dae,2026-01-08T13:08:48Z,US,none,android,False,
323dcda9-93dc-49cc-9908-19eafc0b883a,2026-01-17T16:44:14Z,DE,approved,android,False,
44ad3077-3d1a-410e-987d-8ee5eea2bb6f,2025-11-12T21:07:52Z,NG,approved,android,False,
03bd0d2a-d88c-45ed-a8b4-dec30442569d,2026-01-04T09:02:15Z,GB,pending,ios,False,
2b4cc7d1-a329-41bc-9515-eaba84b28a92,2026-01-05T21:40:30Z,ES,approved,android,False,
0626dfd8-dc15-4bc5-b6cb-3a24811b0507,2026-01-13T23:03:06Z,FR,none,android,False,
785c9d59-d394-4608-b1d2-e637bffd223a,2026-01-12T21:13:31Z,GB,rejected,ios,False,
0c3f071c-b45f-45c3-98a0-7868de930adc,2026-01-16T17:49:00Z,IN,pending,android,True,2026-01-27T09:25:21Z
3606523e-d252-495d-a4f2-16e6e8b82c6d,2026-01-11T05:48:46Z,MX,approved,android,False,
0c7f4656-94cd-47b8-b746-830d8587bd25,2026-01-23T06:36:04Z,GB,approved,ios,False,
4743153c-1f35-492f-ae88-fb7d537428e0,2026-01-21T19:09:41Z,MX,pending,ios,False,
86a1db3d-e8a9-410b-804e-cbca84e538fc,2026-01-05T09:55:01Z,FR,pending,android,False,
3515b0de-1aae-4ac2-8d04-7b72ddf00421,2026-01-29T22:52:00Z,GB,rejected,ios,False,
31345974-2e4a-4a54-af7e-104808154791,2025-12-29T19:49:46Z,DE,pending,android,False,
c4e79953-a2a6-4cba-ac1c-bbb2347da36f,2026-01-22T02:32:17Z,GB,approved,ios,False,
f5933408-7467-4f80-ba47-44fc56a1254c,2025-12-08T05:30:58Z,MX,pending,android,False,
5c6b69fd-47c8-4a82-9518-462a1110a95d,2026-01-08T10:04:14Z,ES,rejected,ios,False,
c45fae0e-08d7-408a-9661-d33dff8cf01b,2025-10-15T12:11:53Z,BR,approved,ios,False,
0b417147-41d4-452c-a091-1f2753c78bd8,2025-11-30T21:53:28Z,US,none,android,False,
69e35e81-64b3-46b3-b108-0aebb3577826,2025-10-23T19:25:17Z,GB,approved,android,False,
5d51fa40-e4f3-4ff1-a708-c35006ce7edf,2025-11-06T16:17:20Z,MX,approved,android,False,
78ee3a5e-a43d-45c9-b220-5c0c473daa40,2026-01-19T03:03:59Z,ES,none,android,False,
17bf3b4d-6945-42d4-834d-950d7aaf8d78,2026-01-29T13:25:45Z,NG,none,android,False,
d3ab6ac9-c5c2-4f00-8c05-1db4ccf2c79d,2026-01-04T06:31:37Z,MX,none,android,False,
f30c9896-0512-4d62-8b9e-fd1727867c36,2026-01-11T09:36:14Z,NG,approved,android,False,
5164a687-275c-4a74-a100-cabcd5afcc8a,2026-01-23T23:03:12Z,IN,none,ios,False,
b18be9cf-5480-4977-8789-db338206dd3c,2026-01-23T16:07:23Z,IN,approved,ios,False,
0d8b0654-c6a1-44a1-abc1-117bcb216c48,2026-01-17T11:18:58Z,IN,pending,ios,False,
78b7f7c4-f51b-4163-ad3f-f7ffa746d478,2026-01-09T21:46:44Z,US,rejected,ios,False,
2dbc3275-160d-4859-addb-e10b70498bcd,2025-10-21T20:26:07Z,GB,approved,web,False,
c3233b72-bc5d-4c9c-8031-f3939c3cc57c,2025-11-30T17:56:42Z,ES,approved,android,False,
0e580f37-4a2a-4355-9b62-82df8c8a0e49,2026-01-01T02:30:40Z,PH,approved,ios,False,
f52fa0c9-5c75-48f5-a386-d030ca6c5829,2026-01-27T23:31:01Z,DE,pending,android,False,
11bbf942-601a-4855-9e72-d27377fed049,2026-01-27T07:42:11Z,GB,none,ios,False,
473467b3-5ecb-4222-b2e0-29bc7e93e5ae,2025-10-24T18:16:05Z,GB,approved,android,False,
dd5a6a31-231c-470d-80fb-4edd845af4d4,2026-01-12T10:01:56Z,ES,approved,web,False,
8c88a11b-7330-4de0-9e45-f65576e996a3,2026-01-04T23:31:03Z,ES,approved,android,False,
e0f173b6-ea53-4721-814f-c199c41bf834,2026-01-16T06:03:02Z,US,approved,ios,False,
5f1f3e17-2fba-4c76-87b9-34d3a5975f76,2026-01-04T12:31:07Z,GB,approved,android,False,
3d0a514f-275f-4c57-b595-cab9ddd911da,2026-01-25T13:23:54Z,US,approved,web,False,
87c33489-1c73-43a1-baa9-a940e4681356,2026-01-08T15:47:18Z,ES,approved,android,False,
b88990c7-ed97-474a-bee9-db0ca853193d,2025-10-24T23:42:55Z,DE,rejected,android,False,
e61b5513-be1e-4b6d-bcf1-c353e8b212c0,2025-11-27T19:47:51Z,MX,pending,android,False,
4129ad5f-88c2-416e-a5ad-95b86dd55c22,2026-01-17T15:29:04Z,US,pending,android,False,
15328336-b7a9-42e3-ba3f-e6fc0a04a319,2025-12-24T20:38:23Z,DE,none,android,False,
02f4f3a2-848c-4153-8002-72b0f892f382,2026-01-13T17:12:00Z,GB,approved,ios,False,
6e08f85b-ee0e-4cf5-aefb-4169136e7773,2026-01-08T05:39:38Z,NG,approved,android,False,
1d167908-c2fc-43e6-8bf5-1123f738bb47,2026-01-15T23:08:49Z,ES,rejected,web,True,2026-01-27T07:47:44Z
23651cad-41c8-4373-be2f-a40c874d7a47,2026-01-05T23:45:47Z,US,approved,android,False,
869119f6-b3cc-46f4-9d15-e6dc58ee9ee8,2026-01-12T11:49:08Z,IN,approved,web,False,
f35cc72a-1137-4af9-8f7f-5f8e36370546,2026-01-17T03:01:26Z,IN,approved,ios,False,
388794ea-31fa-47bc-a2e8-a84543e7d820,2026-01-08T17:28:44Z,IN,approved,ios,False,
c6d669c6-3252-4a74-b768-09ab7bf01936,2026-01-23T08:17:31Z,US,approved,android,False,
d264d831-1427-46d1-a595-be4eccc43e6f,2026-01-20T08:14:47Z,US,rejected,android,False,
06ed8f60-1d97-4ab0-8a7d-3149a0c4a21f,2026-01-20T09:39:32Z,DE,approved,android,True,2026-01-28T17:09:37Z
2b5533ef-1f94-426e-ac85-3799a18ba96e,2026-01-13T21:17:26Z,GB,approved,android,False,
1b1dde07-66d1-4b69-a978-c2fc1427576f,2026-01-25T19:51:03Z,GB,pending,android,False,
c2b262ab-a12a-405f-b9c9-e91971375937,2026-01-26T05:45:03Z,MX,approved,android,False,
f6be78ba-df74-45b7-9b0f-33615d50e9c3,2026-01-18T16:20:55Z,ES,rejected,web,False,
51dba9f3-45b4-4776-9a12-396215e4de55,2026-01-07T01:11:56Z,FR,approved,ios,False,
cabad11c-ff79-49cb-a525-69a9145cf50a,2026-01-15T08:27:47Z,NG,approved,ios,False,
44a6df7e-6b0c-4c93-922e-09fa0d27a117,2026-01-09T10:45:23Z,DE,approved,ios,True,2026-01-18T19:24:32Z
e1057d80-18ef-4bc2-8668-8572c750d3d8,2026-01-29T03:43:52Z,DE,approved,ios,False,
fb124d85-9f08-4179-a25c-10a9090f3e1e,2026-01-09T05:42:17Z,DE,approved,ios,False,
bfebb250-6faa-4b1c-b85a-665537a9e395,2026-01-12T09:38:30Z,DE,pending,ios,True,2026-01-20T03:56:27Z
ee97f802-7e48-48da-97bb-eb43c5cfb055,2026-01-04T12:51:03Z,BR,approved,android,False,
cf85d54e-cafb-4d8d-bdd5-0f0d5c5d6da2,2026-01-20T09:37:45Z,US,none,android,False,
8b57434e-c343-429a-acb7-0a92b86450d0,2025-12-17T08:31:16Z,US,approved,android,False,
2f5cda5e-6e98-467d-af36-c4fde2f2293c,2026-01-06T21:23:34Z,BR,approved,android,False,
686e3083-a358-4387-bbfd-b641ecd809a7,2026-01-22T11:38:07Z,DE,approved,android,False,
854f44d5-0eee-4432-8c5b-cf1e23ae5dbb,2026-01-08T17:25:56Z,FR,pending,android,False,
4f412501-2bbc-4eb6-a3c8-e8c75e8e5b05,2026-01-26T07:21:29Z,BR,approved,ios,False,
a47e1443-3d10-466d-92a8-bcfd01fc974f,2026-01-17T07:17:26Z,US,none,android,False,
d6f95070-b275-4d1e-8af1-4045567e3fe3,2026-01-11T09:16:23Z,GB,approved,ios,False,
62496841-a891-4cfa-a1da-d86076982bbc,2026-01-21T09:30:09Z,ES,rejected,android,True,2026-01-31T23:59:59Z
7785e415-48df-4860-a2d3-00195468988c,2026-01-01T06:52:09Z,PH,approved,ios,False,
fe74b62d-565c-4808-90a4-072b3c76e1e3,2025-10-23T04:06:58Z,IN,approved,android,False,
fe1e56fc-3755-4af8-a138-b30066370253,2026-01-19T21:03:05Z,US,approved,android,False,
e954be28-29f4-4590-bb40-6484ae7ad305,2026-01-07T04:41:49Z,PH,approved,android,False,
caacb82b-73be-4453-b18b-524f36a41cb5,2026-01-05T01:48:21Z,DE,approved,ios,False,
b649a82e-bc2d-49be-b63f-876f283fe267,2026-01-11T06:36:07Z,BR,approved,ios,False,
a5a4e9ba-f35b-48f0-a418-a83a46f96017,2025-11-07T14:48:55Z,IN,approved,android,False,
c47f1721-0493-471d-ba05-658d152fe6b1,2025-12-02T00:19:45Z,GB,none,web,True,2026-01-08T07:15:30Z
9cda8922-dab7-43bc-a416-9ba9dda5ab31,2025-10-12T18:27:07Z,US,none,android,False,
5c06dced-9923-4cfd-9883-11f1784a1a32,2026-01-13T10:32:43Z,FR,approved,ios,False,
06c7386a-a39c-4aed-bdaa-805b85015e40,2026-01-08T22:48:03Z,PH,none,ios,False,
bc754f8f-c1ec-4fc4-9eff-aaa690139049,2026-01-19T05:15:51Z,ES,none,android,False,
8173ff79-415c-4c22-8b86-00628095dbc2,2026-01-05T22:43:25Z,DE,approved,ios,False,
e0b17a7f-c0a3-4abc-87e9-40beded83ead,2025-10-19T22:30:17Z,US,approved,ios,False,
a93cd40a-af2d-4ff0-9df3-0eb19da72586,2026-01-21T09:24:14Z,IN,rejected,ios,False,
008dcef9-4406-4cea-befc-63f297a45ad6,2025-12-11T08:08:40Z,GB,approved,android,False,
ae0c3705-b20a-45c9-b10e-7ea8d611888c,2025-10-30T07:04:29Z,ES,pending,android,False,
c1827531-3642-4bc4-a0d7-cea8f78bbab7,2025-12-19T13:50:41Z,MX,approved,ios,False,
d3599e40-9242-43a4-bc1d-b9a3ef360bc5,2026-01-02T09:26:16Z,BR,approved,ios,False,
c7db9607-4370-4fa8-9d4d-f831b5e1f181,2026-01-14T13:49:32Z,MX,pending,android,True,2026-01-20T17:56:33Z
a70d6f15-cefd-480e-85bb-13f78ad10651,2026-01-20T17:31:23Z,BR,approved,android,False,
e961c6cb-82c2-4c4e-b474-038c36e2bce5,2026-01-01T20:05:23Z,GB,approved,ios,False,
6fdfe42e-57f4-4d27-8480-fbb0308100ca,2026-01-23T23:23:18Z,NG,rejected,ios,False,
f3dd8512-167f-401a-a866-47ef9da3111d,2026-01-23T00:39:05Z,US,none,ios,False,
2c222092-6110-4cda-9c47-afcc0d7a586c,2026-01-27T00:19:36Z,PH,pending,android,False,
f508db16-32cf-42f1-ae56-d3018d3f464d,2026-01-29T14:55:06Z,PH,pending,android,False,
e66f7ab9-f0db-4d72-8393-75d4395a6150,2026-01-12T01:02:13Z,ES,approved,ios,False,
58042875-f85e-436c-a4d9-9df8370a9288,2026-01-03T15:31:38Z,NG,none,android,False,
8789bc93-06c3-49ec-8680-e4237343da4f,2026-01-01T14:17:24Z,NG,approved,android,False,
ddf0faac-cfb9-4cb0-bebd-c1224645ff52,2026-01-24T04:35:41Z,GB,approved,ios,False,
b0659f3b-8391-49f7-ae3a-cabf0ec7ed9e,2026-01-08T08:46:29Z,GB,approved,android,False,
ab3fc18f-4700-4f7a-b812-910219cc5e34,2026-01-21T04:52:40Z,DE,pending,android,False,
0fa77e33-9c0c-42b7-bc45-6067cc22384d,2026-01-22T11:48:26Z,US,approved,android,False,
79c5c276-d5b5-4dc9-9150-f52ad3a34206,2026-01-05T19:36:55Z,PH,pending,ios,False,
d2e444fb-ba8d-4bee-97fe-48ac4f63adec,2026-01-09T10:30:26Z,NG,approved,ios,False,
f128a29a-5ac7-446d-8c13-37ca92241b85,2026-01-02T14:01:41Z,US,approved,android,False,
57036810-8d74-4dbe-8088-ffbbbbefbc12,2026-01-13T20:13:42Z,IN,approved,android,False,
5fb8a1ef-68ae-44b8-8140-1373751a0fa3,2026-01-27T10:27:40Z,US,pending,ios,False,
9c775f06-d6fd-46d6-8301-8ba353a6fcbc,2026-01-15T22:23:37Z,NG,rejected,android,False,
073a84fb-ef54-4a0e-ba05-323c53ac353c,2026-01-15T18:17:30Z,DE,approved,web,False,
d0166a08-12bc-4e45-abe2-d6db8c99fa28,2026-01-02T22:26:28Z,MX,approved,android,True,2026-01-10T20:23:00Z
5f451c82-a31c-4676-9609-9f02201d34b8,2026-01-02T00:10:12Z,PH,pending,android,False,
86ef1629-df2f-452f-94a6-b7327bccdb8f,2025-10-31T05:06:19Z,DE,pending,web,False,
d471c01f-743c-4b9d-acca-bdd442421a01,2026-01-24T20:54:07Z,PH,approved,android,False,
a4c9df8d-3a8b-46b9-bfd0-3319430945d9,2026-01-08T19:22:28Z,US,pending,android,False,
d6beee21-e303-410b-ac8e-eea63be8d1ff,2025-10-21T22:39:51Z,BR,approved,ios,False,
312f7669-1e3b-4ecf-9792-b7fc61067ca3,2026-01-25T23:32:53Z,IN,approved,ios,False,
478b7e6d-a340-4ca0-a40b-330f44f7aab9,2026-01-26T04:01:32Z,ES,approved,android,False,
beca2269-dc2f-440a-9972-3c776ce14872,2026-01-27T15:53:14Z,GB,approved,ios,False,
79ea1d6a-0fbb-4840-9f9f-1e690f51cc15,2026-01-31T14:01:44Z,DE,pending,ios,False,
b5a5eb57-7e4f-4d13-86e7-f6a8f4122b82,2026-01-05T12:35:47Z,US,none,android,False,
3bd66431-4541-4cdd-a5f7-563496abca7b,2026-01-08T11:23:21Z,BR,approved,android,False,
8ff1bc49-664e-4f1e-bc11-9614327e54c2,2025-10-31T15:07:34Z,BR,pending,ios,False,
f83c1b04-3702-4f01-8d1e-ad8af50b0912,2026-01-07T15:02:37Z,IN,approved,ios,False,
41ad902e-7781-4a35-89ab-894d5aaa2207,2025-10-27T14:16:22Z,IN,pending,ios,False,
e7fe382c-8e41-42d5-b329-f6f9b4a23133,2025-10-29T18:35:24Z,BR,approved,android,False,
199278b7-3527-4532-a494-c60108fb3fbf,2026-01-16T14:53:52Z,IN,pending,web,False,
9c0554de-e112-49c3-a8ab-91898f85cb06,2025-11-08T22:24:40Z,US,approved,android,False,
560132f1-8f44-40b8-9034-58fb54f5e00d,2025-10-08T18:27:44Z,BR,approved,ios,False,
ba56e578-277e-4dcb-b7c0-765be10481d1,2025-11-04T20:22:11Z,NG,approved,android,False,
8d9b09e0-85ab-4efe-b13c-ab77a0a88096,2026-01-08T11:50:37Z,GB,pending,android,False,
1bd4a9ba-792e-43c4-8b69-3f5ec7ed4f64,2026-01-04T21:34:26Z,IN,approved,android,False,
8502b706-7d3e-4475-ac66-b3a425bcf8d5,2026-01-24T16:30:00Z,IN,none,ios,False,
673fc61a-5a9e-4829-9f35-ce5b01770cd1,2025-12-01T20:42:34Z,ES,approved,ios,False,
dfe72887-0905-4594-8e55-84f7d5de1b73,2026-01-15T12:54:11Z,MX,approved,ios,False,
5271d4d4-8309-4271-9fbe-8610fcc7baaa,2026-01-08T01:36:03Z,US,approved,ios,False,
ab129b4e-b946-4605-ba6f-55e6ef22c5ef,2026-01-30T14:06:33Z,IN,pending,android,False,
0d0cc7e9-642a-4f80-8bd4-0d0da6a7ff71,2026-01-23T09:16:42Z,DE,approved,android,False,
35547a83-8b5c-4b68-90a3-efeaaf1ab1ca,2026-01-14T23:06:54Z,DE,approved,ios,False,
1cded1d7-428a-4976-ad99-da0d534a51d9,2026-01-21T14:21:20Z,DE,approved,android,False,
68de01a4-59e8-4790-8bdc-57c84622697d,2025-12-17T15:21:49Z,ES,pending,ios,False,
60d9660a-4047-474a-a07e-1f7f80356cb0,2026-01-20T05:08:49Z,US,approved,android,False,
e64407cf-3d03-45e7-98c0-16adf1587d7a,2026-01-30T10:30:53Z,FR,approved,android,False,
0f2021b4-9de6-439e-a978-43f147d85a75,2026-01-18T02:29:01Z,US,pending,ios,False,
c9f776e4-622d-431f-bccf-b55bf400b709,2025-10-04T19:01:13Z,DE,approved,web,False,
5741877b-adde-4f1c-a56b-49641b224eb1,2026-01-29T03:15:08Z,ES,approved,ios,False,
c52865a5-4940-4de1-96b0-47aebf9bbb3b,2026-01-10T17:56:34Z,GB,rejected,android,False,
27c6ab63-b6bb-4935-874b-bd380383b209,2025-12-09T14:38:39Z,MX,rejected,web,False,
31f74744-3fea-4659-921c-eab34e289d83,2025-12-16T06:56:55Z,PH,rejected,ios,False,
38a8c919-b6b0-4e01-bcec-58f9e94338e2,2026-01-20T07:01:04Z,PH,approved,android,False,
89d91848-405f-4262-8c41-f14f9ff2e340,2026-01-27T01:09:07Z,GB,approved,ios,False,
9451f9ad-6d4a-424d-8c87-4fb9a9f7e387,2026-01-31T23:57:49Z,PH,pending,ios,True,2026-01-31T23:59:59Z
d1e57d3d-d24e-4584-9c93-0b98c6891d02,2025-12-02T00:25:11Z,GB,approved,android,False,
bd70dc72-2d50-4d4c-a514-bb3507a146ce,2026-01-07T18:51:07Z,GB,rejected,ios,False,
1df99acf-87a4-46ce-ad31-9e9996492a37,2026-01-27T02:17:13Z,GB,approved,android,False,
402d5c8a-8150-47e5-b388-803234163124,2025-11-07T02:36:57Z,FR,approved,ios,False,
659edec7-d1d1-4fd1-b05e-0d59af6c3f29,2026-01-20T19:29:22Z,MX,approved,ios,False,
b8dfaef9-cc6d-4848-a240-c370600ee556,2026-01-12T11:05:28Z,IN,approved,ios,False,
e21de9bc-2f33-4644-b491-c88c3b3c8af8,2025-11-15T21:47:44Z,ES,none,ios,False,
51509c21-ea35-4b1b-9de0-136b4630513f,2026-01-11T07:07:16Z,DE,none,android,False,
e0f0753a-78e5-4064-ae9b-d742e33474f4,2026-01-07T02:42:43Z,IN,approved,ios,False,
1503b6ee-7d8b-4ac8-b283-5326c2ae8d22,2026-01-12T07:27:47Z,US,approved,ios,True,2026-01-16T13:11:45Z
ad5a1108-ba2f-4f89-870c-91a1fcc27f57,2026-01-09T11:18:13Z,GB,none,android,False,
af4c66f8-7c34-4e51-81a8-972fb611c7d4,2025-10-16T12:12:43Z,GB,none,ios,False,
6ec532e5-a3b9-46cc-b6ff-d3b50f2eaba9,2026-01-04T02:03:01Z,BR,approved,android,False,
b95b75c4-a128-4ba9-a71b-f9f62ebb40e8,2026-01-30T20:39:05Z,GB,approved,android,False,
5a61cdee-e7f8-4309-8604-3b7a8f3beaa1,2026-01-02T12:17:35Z,GB,approved,android,False,
f1c3e20b-93ea-4199-9879-d784de504854,2026-01-22T12:47:15Z,GB,approved,ios,False,
9ba08ef7-821f-41d4-977e-9f0415044d2a,2026-01-31T17:35:16Z,NG,approved,android,False,
58e7713f-ffe9-4e11-950d-4c56c08a63a9,2026-01-25T13:00:34Z,DE,approved,ios,False,
619dd848-80e2-461b-b391-1f80ad2ac25d,2026-01-27T18:21:07Z,FR,approved,ios,False,
43291793-7166-4f04-b0c8-42595377182c,2026-01-23T00:21:52Z,ES,approved,android,False,
bb1aa76e-3c1c-4678-818a-bc690e7506be,2026-01-08T09:50:14Z,DE,none,android,False,
552fba8e-f294-43b7-8490-03569910dbb5,2026-01-19T02:09:54Z,IN,approved,android,False,
0a2696dc-4ff2-486e-b739-d5f810638c0e,2026-01-06T22:24:35Z,ES,rejected,android,False,
06bb1bed-4e4c-4c38-bf30-6a3a62e06f90,2025-12-24T13:31:40Z,DE,approved,ios,False,
6114068c-5392-4494-be01-1aa5e243b1b6,2026-01-11T21:15:51Z,IN,approved,ios,False,
817c64cc-ba98-4fae-a32b-7b4b2c1b8748,2026-01-11T23:29:39Z,IN,rejected,android,False,
1ef317dd-1f43-4f90-ae85-d025dd3fe91b,2026-01-28T00:38:55Z,GB,approved,web,False,
6bc0ade0-ffad-48a1-a340-2a3bfbfae1e5,2026-01-15T23:59:35Z,MX,pending,ios,False,
5d6a4ad8-5369-4170-aced-d202ffbb342f,2026-01-04T09:04:22Z,GB,none,android,False,
94d4f1d5-1d09-4983-8710-e3334948e6b8,2026-01-21T09:08:25Z,BR,approved,ios,False,
8c734d20-a213-4579-aa97-67b1ea60e86e,2025-10-15T20:54:25Z,MX,approved,ios,False,
f5272cf1-bfba-41c0-8c42-b54b26d59732,2026-01-22T12:15:50Z,DE,approved,android,False,
87455390-4075-497f-9652-216dd559054d,2025-12-16T11:25:58Z,ES,approved,ios,False,
b01a7c1f-2afb-4b38-be68-33117dac32ed,2026-01-03T04:54:54Z,US,none,web,False,
d45b0044-9b44-4bf4-9213-0e68e87da2e2,2025-12-13T14:41:49Z,US,approved,ios,False,
d06dc0c9-56bb-408f-afff-8c932d9737db,2026-01-26T20:30:12Z,FR,approved,android,False,
7f9d1977-233c-43b6-bcbf-0b08a64ba3cf,2026-01-03T01:17:08Z,ES,none,android,False,
ec661106-a12c-4f2e-94e6-0e099f44b402,2026-01-20T15:11:12Z,FR,none,ios,True,2026-01-30T22:26:39Z
4676fc06-4350-47cc-b973-b90524fedad1,2025-10-12T07:14:55Z,IN,none,web,False,
2b6057ba-cc2b-46e3-b392-1f47e8f8cbc4,2026-01-29T14:05:05Z,ES,approved,ios,False,
dd17113d-1302-4864-a589-af658e50f4bf,2026-01-09T03:53:19Z,GB,approved,android,False,
5ea2800a-830e-45da-9afc-933dfc00d34f,2025-11-16T00:30:01Z,IN,none,ios,False,
c879afba-02ba-438a-a85a-243c454b51ca,2026-01-04T15:47:34Z,GB,approved,android,False,
bc9d5ca6-a516-4325-b3bc-4d13925fab12,2025-11-03T03:26:51Z,DE,approved,web,False,
92d643e6-b778-4f2d-93be-9ccdd71c009d,2026-01-22T08:21:38Z,GB,approved,ios,False,
15c16c8a-7ab9-445d-b2d4-6e04292a7fb0,2026-01-25T15:05:25Z,GB,none,android,False,
aa82af1c-07e8-4eb7-ba15-bdd502c5bf12,2026-01-05T09:12:10Z,DE,approved,android,False,
bf7482d9-f27b-47c2-b1ec-1f805f6a8136,2025-12-25T07:37:33Z,MX,pending,android,False,
9ac04be2-67e5-4865-8844-c1187adc2bfc,2026-01-04T00:05:17Z,BR,approved,android,False,
68a5d150-d013-45a1-9045-e2dbfc886880,2026-01-09T09:02:44Z,GB,rejected,android,False,
72c5cbe4-dd81-45b0-bc53-3219a1a556e8,2026-01-18T15:58:18Z,ES,approved,ios,False,
13ee65b5-79cd-48d2-93f9-5b7d966d8fd6,2026-01-31T15:02:10Z,DE,none,ios,False,
ab88112b-d6cd-4a91-8944-8ba15b012653,2026-01-30T06:11:50Z,IN,approved,ios,False,
78749a6e-0753-4ec8-a285-fb5ab17ddc35,2026-01-20T00:39:50Z,GB,none,android,False,
cc4ac007-edee-4daf-8e23-64f200a02d85,2026-01-16T22:42:10Z,IN,approved,android,False,
bd6be232-ccc0-4bca-885b-4215c3adc2da,2026-01-26T13:17:33Z,GB,approved,android,True,2026-01-31T23:59:59Z
3e973fd3-df10-4e68-9c16-ca12120d711c,2025-11-17T06:17:44Z,US,pending,web,False,
0a42d110-1e02-4f7c-8868-db16755c02ae,2025-10-27T04:20:52Z,IN,none,android,False,
156a2b12-7856-4c09-999e-d9baf007631f,2025-12-14T02:15:18Z,ES,approved,ios,False,
4e47dca0-d320-4c00-9a08-0149b420fe07,2025-12-09T08:03:54Z,GB,approved,ios,False,
4fd8b9ec-8ced-4205-962b-0aaf51dd481e,2026-01-22T19:02:20Z,US,rejected,ios,False,
e3deb772-8bcd-45ea-a05e-051f781f244e,2025-12-06T10:36:27Z,DE,approved,android,False,
08867b08-7307-4599-9368-21fbb35e3524,2025-10-27T04:47:45Z,ES,pending,ios,False,
b19e45db-5f21-4dfc-9739-acdecbed3da5,2025-12-24T00:39:20Z,BR,rejected,ios,False,
4287bf8c-4c69-4db1-8173-8f559a12335a,2026-01-07T01:15:36Z,US,pending,android,False,
7e96b36f-b319-4d4d-acc7-c9f64a9a872f,2026-01-22T05:41:32Z,GB,approved,web,False,
597f5461-9fec-45ce-b29f-7368dd27eaf3,2025-11-07T22:03:40Z,ES,approved,ios,False,
2e7ea55e-899d-4888-9ada-8a1e93f09676,2026-01-16T11:17:41Z,MX,approved,android,False,
e78c2321-e14d-4bff-abcc-51d9662c7e2a,2026-01-14T22:14:19Z,MX,approved,android,False,
2b7f4036-49eb-4440-b11a-a3667c883cc9,2026-01-30T20:55:57Z,GB,pending,ios,False,
3323a210-2a51-4c85-a31e-595075ef2fc4,2026-01-30T13:23:48Z,NG,pending,ios,False,
7d166513-a448-46ac-8164-b594ac70f5fd,2026-01-21T09:07:55Z,DE,none,android,False,
304d9609-77ee-4d93-8a8f-e5dc0550aaed,2026-01-27T00:32:52Z,GB,pending,android,False,
b953603b-dcb3-46ef-9af5-360d77ba145d,2026-01-30T20:18:18Z,US,pending,android,False,
9ef1857e-350b-4f9a-83c2-d5474b5d2fc1,2026-01-18T12:08:01Z,GB,approved,android,False,
167b04d7-0dbc-413c-ba89-f832c69e80db,2026-01-19T22:54:41Z,IN,approved,ios,False,
ab5b1f55-6988-4ff9-9f48-6c72f7daf923,2026-01-18T08:02:40Z,IN,approved,ios,False,
af961168-4561-4f5c-bf3d-990b1dfb10d6,2025-11-18T19:08:34Z,GB,approved,android,False,
2a6431b9-fd24-45b9-ae74-d799160ceb0c,2025-11-01T06:34:38Z,DE,none,android,False,
6975ce06-3f61-48e2-90ab-f36d6d522136,2026-01-15T05:53:07Z,US,approved,android,False,
301ec51a-ab9c-4d8a-ab65-de90527f9402,2026-01-20T07:57:52Z,PH,pending,android,False,
88db9c4c-4e8d-42d3-b1f8-4476eda077da,2026-01-18T07:54:18Z,IN,approved,ios,False,
8dd4118b-1f4d-47ac-a4c1-2ce0cfd738f9,2025-11-05T09:26:09Z,FR,approved,android,False,
6772a7b7-2cf8-4eb4-b899-7851df36d40e,2026-01-25T03:39:24Z,ES,pending,android,False,
9595b99a-e3f7-499a-8453-27124de2f2e7,2026-01-21T21:41:37Z,DE,approved,android,False,
16f3c2e8-b174-47d1-9600-e9d3169ac0ad,2026-01-15T08:26:43Z,US,approved,android,False,
6954bc00-fd06-4604-a545-336e0e95d08e,2026-01-03T01:20:50Z,FR,approved,web,False,
3d32c06d-6ba4-4d0c-a2a0-a9db694ba4b9,2026-01-03T18:49:37Z,GB,approved,android,False,
4a41aa5b-a5c7-4db6-a262-6fa0b78e38cf,2026-01-02T12:16:53Z,GB,approved,android,True,2026-01-04T21:52:25Z
df5c6254-323f-40ac-b3f9-fccbb97c886d,2025-11-14T10:48:53Z,ES,approved,android,False,
be2c19d8-6b8a-4d98-b94f-c8f0a6a5fec6,2025-11-13T07:50:12Z,FR,approved,android,False,
c7430107-04db-4809-8eaa-802d2aee3192,2026-01-13T02:49:07Z,PH,pending,ios,False,
04953b48-dac8-4070-8241-99a9c1b291f0,2025-12-15T14:28:09Z,FR,pending,android,False,
8adb153a-2f48-42df-ba77-f461d388d999,2026-01-24T20:17:22Z,US,none,ios,False,
e1e433f4-b5cc-4857-bd38-ec590071070d,2026-01-05T06:17:01Z,IN,rejected,web,False,
0a0b3089-b432-4d3e-a79a-574abf610259,2026-01-27T16:47:35Z,NG,approved,android,False,
43260dd6-45cc-446b-b0c5-133f8e4b3843,2025-10-10T17:39:42Z,IN,none,android,False,
4ed37aad-0528-4d25-8182-be7f6dacf5e2,2026-01-24T23:34:38Z,GB,approved,android,False,
ba80210e-1b85-4a4f-9f73-283e891d9db1,2026-01-30T16:58:17Z,MX,approved,ios,False,
4f3a2c10-5040-4255-b6f4-df33c877cc69,2026-01-20T22:36:39Z,FR,none,android,False,
d060d416-f014-463d-a103-4f5ff66d095f,2026-01-22T20:15:29Z,BR,none,android,False,
e6fb619b-f0de-4033-953f-53062a3b57ba,2026-01-29T12:49:13Z,US,approved,web,False,
8fcbd071-64f5-4da7-80de-94eeedc8f21d,2026-01-07T00:39:29Z,BR,pending,ios,False,
e9f3d4ea-e7ff-433f-93d8-d2b60f8c9dd8,2026-01-26T04:33:35Z,MX,pending,android,False,
263b0a15-b4a6-4d84-afbd-53557ca440b3,2026-01-07T01:50:02Z,DE,none,android,False,
65e798df-88f8-4774-9296-9ee7c314e5b2,2026-01-29T04:30:07Z,GB,approved,android,False,
9e9e05b7-7c71-47ab-a7c9-783d0966d54c,2025-10-19T22:30:01Z,IN,none,ios,False,
d516b827-08e4-4ab7-994e-b0bc7a45b7c9,2026-01-11T05:36:34Z,FR,approved,ios,False,
d0e81dec-cac1-461b-b9f0-4f22a1069e9a,2026-01-15T01:29:30Z,DE,pending,ios,False,
82bd6126-eb2c-4458-b634-65373b33dc4d,2026-01-23T00:25:01Z,GB,approved,ios,False,
7c07dc24-4e97-43f1-9327-ac8fdf608c23,2026-01-30T10:48:37Z,GB,approved,android,False,
a83c761d-a7b2-4588-993a-b2fb78d38784,2026-01-20T08:32:18Z,GB,approved,ios,False,
b08857c6-0f80-4c1d-a800-a0cf05ab0df8,2026-01-13T23:37:37Z,BR,none,ios,False,
9596c0c0-d9d9-4586-97c4-3f2e0ff42b32,2025-11-07T14:57:39Z,PH,approved,web,False,
e7552e05-839d-4978-b091-e05a54e46a54,2026-01-10T05:10:21Z,FR,approved,android,False,
be51227b-931b-4858-9a88-6539c619aa05,2026-01-02T03:00:08Z,GB,approved,ios,False,
0b22a60f-0175-46cf-801c-b92845cf487a,2026-01-03T08:41:27Z,GB,approved,android,False,
35b802a7-84b5-46cd-895a-ca523ba72087,2026-01-27T01:17:24Z,GB,none,ios,False,
0e408d76-c3ce-4e8d-abdc-fee419d0ab68,2026-01-20T13:49:30Z,ES,approved,ios,False,
ec7aa71f-79a4-411d-a034-82adc8cad921,2026-01-04T13:40:14Z,ES,approved,android,False,
a8928f79-3bc0-4d14-b309-c1a543835dad,2026-01-30T15:55:00Z,GB,approved,web,False,
36ee914d-fd9d-41a5-883b-c13ce0e8c2b2,2026-01-18T17:57:44Z,FR,approved,ios,False,
c1439751-854c-4c6e-8ddd-02cb04d308dd,2026-01-07T15:39:32Z,FR,approved,android,False,
9ec383b5-1304-4d46-b167-2295161cee94,2025-12-13T12:03:33Z,MX,approved,ios,False,
6ba2712b-9a31-4952-b527-7346e0883887,2025-10-16T11:45:11Z,BR,approved,android,False,
b5954a89-7f72-45cd-b06c-d6f5ac21656e,2026-01-01T19:23:00Z,ES,rejected,android,False,
8123d765-db8c-410f-bde5-72bb09bd9960,2025-10-03T01:05:22Z,GB,rejected,android,False,
73722a7c-7ca6-4193-b4e9-aa6c8cf9a125,2025-10-18T15:42:56Z,FR,pending,android,False,
390f878a-5167-4b8e-ae45-53fe3860c013,2026-01-19T10:57:13Z,GB,none,android,False,
8475932f-48fa-4a2d-b6b9-996a9ea5c566,2026-01-01T22:03:49Z,BR,approved,ios,False,
7da72252-1ca3-4e68-a463-8562d38b0e67,2026-01-30T16:25:24Z,MX,approved,android,False,
d3c4e5cb-8142-457c-b7d2-0e9c43036ac9,2026-01-11T01:34:14Z,NG,approved,web,False,
64822a91-658d-4258-bfde-49ef44b6866f,2025-11-02T04:35:22Z,US,approved,ios,False,
524ef3bc-a700-4e46-9109-925a55b47000,2026-01-13T20:00:15Z,DE,pending,ios,False,
3d48eb41-c776-4757-a4a3-82e99dad9604,2026-01-15T10:44:45Z,FR,approved,android,False,
4bb9c629-4884-4090-bd22-dd4a11efc6b1,2026-01-28T05:00:55Z,MX,pending,android,False,
c488b7c1-162c-489c-9c6d-6c3c9708d827,2026-01-19T10:22:32Z,MX,approved,ios,False,
dda0b32b-6de1-4e73-bef0-15f92d7429d9,2026-01-03T01:00:39Z,US,approved,android,False,
8de86ac9-9ba8-4df6-a850-f36062b49db1,2026-01-24T06:10:04Z,US,pending,android,False,
ec6576a8-8a88-4a79-90ab-c6ff14208189,2026-01-06T07:15:29Z,DE,pending,android,False,
240fea46-ca45-4da7-80b3-8e8bd5b58ade,2026-01-31T23:15:33Z,US,approved,ios,False,
004da792-5f1c-4508-839d-31326f53a249,2026-01-07T16:09:38Z,GB,rejected,android,False,
cf9ed293-30cc-495b-8464-cf677fd50811,2025-10-31T06:37:00Z,DE,pending,android,False,
25972a90-591b-40f3-adf5-074bf33e4ae3,2026-01-05T08:13:45Z,DE,approved,ios,False,
7c2eda7b-7a89-4d7b-8027-5398c8a23ccf,2026-01-09T11:57:54Z,ES,rejected,android,True,2026-01-22T07:00:04Z
3d941782-de1d-4a45-b464-3ee7d26d449a,2026-01-15T01:15:12Z,IN,approved,ios,False,
0d33a34e-701b-4a50-9d55-fd569153783a,2025-11-24T07:27:28Z,PH,approved,android,False,
78641d97-64ed-43e5-803b-587aab4aa072,2025-11-01T14:03:59Z,US,pending,ios,False,
b1408086-42f9-4dbe-89a3-e0d502b346b9,2026-01-10T00:56:15Z,GB,pending,ios,False,
25971002-47f4-4dca-842d-736b63bbede9,2026-01-30T15:48:48Z,IN,approved,android,False,
16c61b95-9649-4b1b-8671-2c4b18583a77,2026-01-05T15:07:54Z,US,approved,ios,False,
dc888e4f-c73e-468f-bd15-dfa042585c4d,2026-01-12T10:24:07Z,BR,approved,ios,False,
c703279e-433a-4357-aa14-29970a08ba9c,2026-01-13T16:43:53Z,DE,none,android,False,
6f8af48b-6076-43e0-9205-1e22269ae31e,2026-01-20T16:20:40Z,DE,approved,web,False,
d6509ad6-0173-483d-b65a-c9ba61fd00ec,2026-01-15T07:44:37Z,ES,rejected,ios,False,
ad75f353-5f52-48d7-b396-39d3e49a27ae,2026-01-30T09:44:13Z,ES,approved,android,False,
c4b926e2-652f-454d-8eb4-664cf709a094,2025-12-03T14:59:25Z,DE,approved,android,False,
558752a9-6725-43b2-a2d9-469af6cfbea7,2026-01-18T13:30:35Z,GB,none,android,False,
e9603e07-934e-4e8f-a805-f2eff2e9b27a,2026-01-28T19:14:44Z,NG,approved,ios,False,
c367eb5c-f829-4484-98cc-4c372d1ac179,2026-01-29T07:24:58Z,BR,approved,android,False,
c128d3ba-7c20-450a-8079-d15a433dccbc,2026-01-21T04:00:16Z,BR,approved,ios,False,
750f4a03-9c8c-45f8-bf37-60942f0fba24,2026-01-20T05:18:49Z,US,pending,ios,False,
4b649aa2-7abf-4947-87b3-f6ea0983b93c,2026-01-04T02:17:08Z,NG,approved,ios,False,
ec307a3f-9b77-4a59-a536-8b9c61b3cbe7,2026-01-14T22:29:05Z,ES,approved,android,False,
65267e81-df6c-4657-b523-47246075c05f,2026-01-21T09:45:25Z,ES,approved,android,False,
7090ca4f-b7df-4029-8560-64536739a4d4,2026-01-04T21:29:52Z,DE,approved,android,False,
0aa969c6-0711-4aff-8fc4-afc3efd4b58a,2026-01-09T15:56:12Z,PH,none,ios,False,
f9c6cf23-98a8-46dc-8bfd-5fefcf78a542,2025-12-28T13:08:13Z,BR,approved,android,False,
beed5747-d9b4-4ec4-ad56-33521fdc98c4,2026-01-23T08:40:02Z,US,rejected,ios,False,
87d41aa2-ced5-4190-8052-fa39e411c267,2026-01-21T08:27:02Z,DE,approved,web,False,
01750575-1484-4bd5-8575-e4557cad53e8,2026-01-29T19:59:42Z,GB,approved,android,False,
40b4156f-e35e-4683-9fa1-53c1b2420d5b,2026-01-20T12:40:23Z,ES,approved,android,False,
b3db7375-e481-4250-96e6-47a57b503c40,2026-01-15T01:00:58Z,US,approved,web,False,
e50bd5f0-f005-41ba-8acc-64813735160b,2025-11-19T15:22:29Z,US,approved,ios,False,
7994cbd3-6b2e-4588-a2d9-361183d1ecc7,2026-01-03T23:01:14Z,NG,approved,android,False,
09ee0f2e-da04-4f97-8b43-809068b87a70,2026-01-27T23:36:46Z,BR,rejected,web,False,
22eeb35b-daf9-4794-a2d6-50d9c5eeee4f,2025-11-20T08:50:32Z,ES,pending,ios,False,
33954f70-6caf-48d4-8b40-90dd846de1ed,2026-01-11T22:32:43Z,US,approved,android,False,
c182baaf-99c0-438b-8081-c3c5853c0d23,2026-01-21T05:16:00Z,NG,pending,ios,False,
8190b2ff-d714-4d7f-bfb8-c0ca3561b499,2026-01-22T20:02:22Z,IN,approved,ios,False,
bcde7b08-f0a4-4329-a3d4-4cf21f64562c,2026-01-30T08:50:25Z,DE,pending,android,False,
9ca123ec-5142-4af3-a9b4-89fcb3d466e0,2026-01-28T03:06:28Z,US,approved,ios,False,
c4f50701-b6af-47e5-9e9d-4051f3078502,2025-12-03T17:04:54Z,PH,rejected,ios,False,
65bb9ff4-741a-4eaa-ad58-45480c72b749,2026-01-30T08:10:43Z,FR,pending,ios,False,
0c39e517-7038-4cf3-b3aa-6a9dc5d89fcd,2026-01-23T15:13:16Z,NG,pending,ios,False,
3f46d16b-1c55-4206-b00d-91e152e558b8,2026-01-05T18:53:12Z,IN,approved,android,False,
151c0252-d7ed-440d-af6c-02c978c280fe,2026-01-16T04:34:50Z,ES,pending,android,False,
5b195750-c26d-4456-b76a-9ad729097ed7,2026-01-29T08:26:47Z,NG,pending,ios,False,
6954afe1-27b3-4f28-981f-16cffe264bd1,2026-01-12T22:17:46Z,BR,approved,android,False,
e766ca66-1fe1-4df3-b00c-e6dea2100bda,2025-10-09T06:08:17Z,BR,approved,android,False,
1f805792-b5f3-4373-aa50-26c7761e1549,2026-01-09T22:25:52Z,MX,approved,android,False,
735d7ab3-8aa0-4281-a93e-bb28261610af,2026-01-04T14:36:04Z,PH,approved,android,False,
734d3975-a8b9-4a3f-ad63-bed9b6e3b035,2025-12-01T21:31:32Z,FR,approved,ios,False,
852b9414-981e-4f7e-83c5-91466e512ae6,2026-01-30T22:17:49Z,MX,none,android,False,
97f18d43-116d-4104-9f71-c261ffb0e329,2026-01-01T19:29:14Z,NG,rejected,ios,True,2026-01-24T12:09:50Z
ff06cefd-678f-4fc9-95f1-131d46a8c47d,2025-12-08T20:06:14Z,MX,pending,android,False,
d0e6e872-e26d-4629-99db-61a2844e0ac4,2026-01-18T04:57:13Z,US,approved,ios,False,
0b8cf62c-7b25-4f7d-b2b6-d1427d1eb567,2026-01-11T23:08:33Z,US,none,android,False,
25e6c398-2f81-44ad-aeef-e70a5fd975df,2026-01-02T12:54:54Z,GB,approved,ios,False,
8cf1d75a-7b51-4f2c-a89a-c1eb07648c1f,2026-01-09T07:40:34Z,GB,approved,android,False,
9562c897-9703-4128-9cba-cbb8b013e73a,2025-12-18T04:46:14Z,MX,approved,ios,False,
24105d27-9c9b-46c2-afbd-aca0cb177d1d,2026-01-14T03:50:55Z,GB,rejected,ios,False,
9b9f2e09-383f-43c1-87e9-1a3e8806daa4,2026-01-02T14:20:00Z,GB,none,android,False,
1f303348-754d-4aeb-ad20-4301911a625b,2026-01-20T08:02:54Z,MX,approved,ios,False,
035aff40-14a2-4979-a612-e3732b0c4b12,2025-10-05T04:19:08Z,US,none,android,False,
fc700afc-e940-4d06-8367-919ca81e1826,2026-01-25T07:27:57Z,FR,none,ios,False,
ab019cd6-aab3-4c98-8647-86985a4c146c,2026-01-30T09:04:21Z,FR,approved,web,False,
d3f61128-b6e3-4730-8aad-487894c16a58,2026-01-14T06:26:56Z,IN,pending,android,False,
3fa37442-19fb-491d-9373-a1e1b71fe8c7,2026-01-10T00:24:00Z,DE,none,android,False,
c634d8cb-7105-42ae-9aa7-42885033796d,2025-12-21T21:00:48Z,US,approved,ios,False,
c405a14a-3439-4613-895e-f076f0381639,2026-01-18T12:14:46Z,GB,approved,ios,False,
8fa1100f-c64b-4aed-beb1-d587fbcbb007,2026-01-07T10:22:54Z,GB,approved,ios,False,
8f6915fa-94ba-4273-9af5-be7487275f02,2026-01-05T08:24:48Z,US,approved,ios,False,
1f309523-31a2-4365-860d-f4df3bf89c3d,2026-01-15T04:01:36Z,ES,approved,android,False,
2a67d73d-9b08-4886-8b9d-820276ca00fb,2025-11-29T03:10:33Z,NG,pending,android,False,
4b1d8775-cf19-4b60-a807-24ffd78b2b07,2026-01-08T02:01:35Z,GB,approved,ios,False,
131ac9d2-20fe-4a41-bf4d-3f4d5df18a38,2026-01-13T05:15:05Z,PH,approved,android,False,
01524104-c5c6-4186-b30b-e768354c92a7,2026-01-07T13:51:24Z,US,approved,web,False,
b725a878-02a4-42bd-afcc-836b185c1c1b,2025-11-18T07:58:20Z,US,approved,android,False,
561a7df1-70b7-4154-8cc1-35212d4828d6,2026-01-16T13:36:07Z,DE,approved,android,False,
3fb361ef-673f-4a66-81a5-00ee01e8ffec,2026-01-16T11:49:20Z,US,approved,android,False,
9526a5dd-7678-499e-aa9f-746c6ad131f9,2026-01-19T06:08:10Z,US,approved,android,False,
9a87d700-4af6-44f1-bc68-ea47c1ede0d8,2026-01-27T11:42:14Z,GB,none,android,False,
9719c9d1-63eb-42e4-b8a7-fec8b19c6c88,2025-12-04T08:02:11Z,IN,none,android,False,
6e877fd0-682b-4611-8611-4843fa6476c2,2025-10-05T05:49:16Z,GB,pending,ios,False,
d8e187af-8d5d-4301-8dd0-0d52912dc155,2026-01-19T07:13:34Z,GB,approved,web,False,
ece3ab2b-a00f-4b1c-ba62-0dc7d1c73203,2026-01-21T07:21:20Z,NG,approved,android,False,
126074c5-cdb5-4f04-a8a5-ade0575939cc,2026-01-31T23:32:02Z,MX,pending,ios,False,
adc319ba-e663-4641-90ae-6aa2b20d7fd4,2026-01-30T17:49:17Z,GB,approved,web,False,
64418c97-d43d-4ece-89e2-e29cc98e3389,2025-11-05T20:08:34Z,GB,approved,ios,False,
8b9869a9-b3c9-4cef-9675-84fb235888ba,2026-01-28T22:11:52Z,US,approved,ios,False,
43ea5347-96f7-4a27-85f9-c31bf9142ecd,2026-01-08T07:37:50Z,US,none,ios,False,
9b499492-b583-4c46-89f3-8453835fa766,2025-12-16T18:50:31Z,US,approved,ios,False,
a9ec894a-560e-43ed-b203-3fc66bf26568,2026-01-05T17:44:20Z,ES,approved,android,False,
fd7dc258-b6fe-44dc-9ec6-db99ea080db6,2025-12-16T23:10:40Z,IN,approved,android,False,
31d9d93d-5a0e-4206-88be-d63f5dcdc883,2025-11-29T05:12:48Z,GB,approved,ios,False,
762d47bf-3a00-4202-8130-90edc8afb472,2026-01-20T15:54:52Z,DE,approved,ios,False,
b51363fa-e896-4c47-9405-40e0a1c8a512,2026-01-10T13:53:58Z,BR,none,ios,False,
f6d1bd45-216b-4d43-94a8-3b59118e97c1,2026-01-04T00:53:31Z,NG,approved,android,False,
eaf4db5c-46f9-4e60-9019-567316bff1ed,2026-01-06T12:46:01Z,US,approved,android,False,
bafad167-c6aa-4e5d-8ee7-dc8b1588d150,2026-01-30T16:13:33Z,ES,approved,ios,False,
36fd2604-c037-4a63-8a02-2c0c04eb39dd,2026-01-15T10:32:54Z,MX,approved,android,False,
716876d3-8ec2-4f4c-a387-d4cdb3df9720,2026-01-06T16:15:19Z,US,approved,android,False,
15c28ad2-a191-44c8-ba74-a85babbb8e94,2026-01-19T15:03:16Z,ES,approved,android,False,
ecc1d32a-746e-4f38-afac-af8546724a11,2025-12-08T03:47:47Z,GB,pending,ios,False,
707e80d9-129a-469a-b4fe-938e3d47bd78,2026-01-18T10:18:39Z,PH,pending,android,False,
3a139544-a298-4334-8458-c28d531a2539,2026-01-25T00:40:54Z,ES,approved,android,False,
269dba9c-bf1f-4c6f-b6e5-31be2483b4e4,2026-01-28T10:44:10Z,GB,pending,android,False,
215d186b-2dda-401f-9bb9-facfbcde4150,2026-01-09T03:58:39Z,IN,approved,android,False,
39ea8360-23a4-48fb-bb34-74fe747b4ef5,2026-01-28T19:15:36Z,GB,approved,android,False,
0efd5c1d-4673-4c4e-9d8b-173f12a62915,2025-12-25T07:55:50Z,NG,none,web,False,
961b2d8e-96a4-45e3-b236-37634680e41d,2025-11-22T22:49:36Z,BR,approved,ios,False,
935a0af2-268b-4544-8257-b8407513138f,2025-11-30T16:21:31Z,IN,approved,android,False,
5bd8e3a8-0991-4eee-bd07-3f203222da4c,2026-01-09T01:22:57Z,DE,approved,android,False,
4715e33f-5daa-4713-8674-8e552c504014,2026-01-26T20:09:07Z,US,approved,android,False,
d4235bb8-876b-4cdc-a34a-1d05d4b21237,2026-01-13T23:28:38Z,PH,approved,android,False,
4fdadb77-a2d6-4937-9f45-2463c4dc5895,2026-01-20T23:32:39Z,MX,approved,web,False,
dae31759-9e05-4164-86c7-c2e8a15728fa,2025-11-29T18:40:32Z,FR,approved,android,False,
413d6f73-d221-4471-830f-18067400d204,2026-01-29T00:44:58Z,DE,approved,android,False,
0c30f211-2f9d-4bcb-9261-3c5843370f2f,2025-12-19T09:19:58Z,BR,rejected,ios,False,
05e2c5ee-6c42-4003-b070-ac2d2846d1f8,2025-11-19T02:48:42Z,GB,approved,android,False,
c223a479-1fa1-4f4a-b735-87c3f5270a3f,2026-01-18T09:21:35Z,IN,approved,android,False,
ff2964a1-0abb-48c1-816d-1ea430c556c7,2025-10-28T14:13:23Z,US,approved,ios,False,
c23c1a82-4109-468f-b550-240ac3ac4280,2025-11-17T22:14:15Z,GB,approved,android,True,2026-01-06T16:04:00Z
40adcbf1-a736-44da-ab8c-f55a5fdb0f5c,2026-01-21T18:25:20Z,US,none,android,False,
9ca57f6a-e111-4319-8be2-1c1ea03b1bc6,2026-01-14T07:15:20Z,GB,none,ios,False,
acc71b1d-261e-4579-9b50-7a2e0ac0d531,2026-01-03T12:20:11Z,ES,approved,ios,False,
7cf1d0ad-cead-49e9-950a-9cbcc1148e37,2026-01-05T14:53:49Z,GB,none,android,False,
15aa2bc4-1bd2-48b6-a042-bd89fb7b7d22,2026-01-01T10:49:12Z,GB,none,ios,False,
94969992-c2d6-40d6-a13c-e50863c2b630,2026-01-24T04:33:40Z,GB,approved,ios,False,
56781e89-4bde-458b-ab4b-d48ad735fa0d,2026-01-15T12:39:27Z,GB,approved,android,False,
79254d3b-6c8c-415b-b9ab-7bb1955fdb66,2025-12-12T21:30:34Z,NG,approved,ios,False,
eb9cbb8d-b737-4448-8eb7-507c7d63eb87,2026-01-31T11:45:58Z,FR,approved,web,False,
fee89c19-d184-47fc-b7f7-6b01972ed13d,2026-01-05T21:03:01Z,GB,approved,ios,False,
e6687328-8e6f-43f4-bcd2-61c8ed8a27f9,2026-01-07T18:54:50Z,US,pending,android,False,
d02b54a6-26e9-4966-8097-5b1c540ff68a,2026-01-14T19:57:24Z,FR,approved,android,False,
e503571e-d9a0-4349-a392-60924e115fcd,2026-01-26T03:13:17Z,DE,approved,ios,False,
cc5e4708-7b0e-46ca-b859-b548d56d0794,2025-11-30T05:58:55Z,ES,approved,ios,False,
970c559e-a8f3-42d8-a498-33f3a44bc394,2025-12-29T10:51:11Z,MX,approved,ios,False,
5abaf388-b260-4b48-804a-58c29b0732a3,2026-01-09T09:17:31Z,FR,approved,web,True,2026-01-11T10:47:38Z
f278bf62-d1bb-45fc-9cd3-86a4cf6ff701,2026-01-02T22:24:05Z,MX,approved,web,False,
9a5b1cfe-96f1-4c38-99ad-28858402d7cb,2026-01-21T04:00:48Z,ES,approved,ios,False,
58a9e413-23b2-417a-9746-77de5e600427,2026-01-05T01:23:51Z,US,pending,android,False,
e8301bd5-4220-472b-b378-9168cf73cfc3,2026-01-19T23:14:06Z,NG,approved,android,False,
931b97b3-d002-4272-993a-de2dfecbaa17,2026-01-22T05:42:29Z,FR,none,android,False,
bcca74ae-bb15-455d-ac53-af7399d2d70b,2026-01-23T00:12:59Z,DE,approved,ios,False,
7979ca30-7da9-4169-8a38-84e778afa9e9,2026-01-01T14:45:20Z,FR,pending,android,False,
c874336c-ec02-4de6-8b87-a9020517aff9,2026-01-13T14:02:40Z,GB,approved,ios,False,
e1d50837-4f23-45eb-96ab-66e1b444ebd4,2025-12-27T11:48:10Z,IN,none,ios,False,
0929a458-ad6c-44ef-a285-61ca0541a828,2026-01-04T17:47:35Z,BR,none,android,False,
ae75a6b7-5d0e-4ca6-8430-756bb20dd71d,2026-01-08T15:16:45Z,US,approved,ios,False,
42052f35-f9d2-4931-b147-84a665ade31b,2026-01-25T16:49:26Z,GB,none,android,False,
0d442232-9e6d-468a-94aa-a377b21605e3,2026-01-08T06:51:40Z,GB,none,web,False,
c61826ae-4e69-431d-8db8-d20adae67539,2026-01-21T08:36:02Z,US,approved,ios,False,
b2679191-27d4-4d0f-aa89-031d5183d4f2,2025-10-18T10:25:36Z,GB,none,android,False,
974fffec-cb57-4a57-85f0-23a7ca6f794e,2026-01-03T05:30:38Z,PH,approved,ios,False,
66724b77-c78f-487a-bea9-0c8ad50295e8,2025-11-19T20:51:18Z,NG,pending,ios,False,
64bf9917-c730-44ca-b011-64e618fb5717,2026-01-31T05:31:06Z,US,rejected,ios,False,
2f58bb57-8593-471f-b626-e2ab0317f67a,2025-10-22T15:04:31Z,GB,none,web,False,
f2d7c32a-7d0d-4e9e-b2cf-6636e7590ed2,2026-01-01T11:10:43Z,PH,approved,ios,False,
797303c9-6a0a-4983-9ff9-b75dd35202b7,2026-01-06T01:06:33Z,US,approved,web,False,
cae32a29-998a-4d58-96a4-612bbc8c808d,2025-12-12T13:48:43Z,GB,approved,web,False,
f8c1bdf9-9a21-4508-b20f-6731a127e0b1,2026-01-19T01:59:04Z,BR,approved,android,False,
edc0d772-8352-43e7-a8b1-1541c459d724,2026-01-20T03:27:09Z,GB,approved,android,False,
80a5b012-b79a-46d5-8ef0-6967a7206bbd,2026-01-13T16:04:35Z,IN,approved,web,False,
6eba7808-c61a-420e-9ab3-ed53b78aaa6d,2026-01-22T23:30:04Z,US,pending,ios,False,
bd3888e6-efb0-4f8d-9478-268c12239bda,2026-01-08T13:03:59Z,GB,approved,ios,False,
bb8f6bd2-d35d-475c-a0e9-d9cd7f25a59f,2026-01-11T01:54:49Z,BR,approved,android,False,
8ae28694-8603-43c9-b4fc-1c83e620db10,2025-11-22T02:02:04Z,GB,approved,android,False,
335952f1-a332-4a19-9013-fb9c460e6b5f,2026-01-18T06:28:13Z,ES,pending,ios,False,
4d4cf57c-e01f-4f2a-b346-44ba9e2487a2,2026-01-20T15:09:03Z,IN,approved,android,False,
e29c3c9f-b1e9-4226-b8f2-95aa55cf799a,2026-01-07T18:52:14Z,GB,approved,ios,False,
4af34b2f-7c11-40e9-9f6d-cd66a75702e4,2026-01-20T10:42:41Z,ES,approved,android,False,
e730ef2e-fc70-4c91-8af3-3700e6a54c83,2026-01-04T15:21:59Z,GB,approved,ios,False,
f5a81b31-1859-4a95-b93c-66e2d6405a78,2026-01-17T02:17:01Z,GB,none,web,False,
9a841a1c-b3a5-486a-906e-768d1594363e,2026-01-20T04:12:24Z,BR,approved,ios,False,
98166b0d-7049-482f-8b27-e44f9c2145e4,2025-11-25T13:48:39Z,BR,approved,ios,False,
f91254ff-ae2f-4cbe-a5a8-b6b715dc4ffc,2026-01-25T05:15:03Z,ES,none,android,False,
7f63d574-8d6b-44de-abf9-de9855df83af,2026-01-10T16:23:06Z,DE,pending,android,False,
78cca88d-94b9-4904-b528-cdfbfb86261d,2026-01-01T22:45:14Z,PH,approved,android,False,
a3c5e151-de09-4a44-8d2e-be3ef1674cbf,2026-01-28T11:01:52Z,BR,pending,ios,False,
0e348525-03dc-4f17-a52d-58de24c52d28,2026-01-14T15:18:37Z,GB,approved,web,False,
6153e4e4-82c1-43f3-9a4b-4f3a8c842ab1,2025-12-10T20:21:16Z,US,approved,ios,False,
42158d5a-cd44-4203-b252-4cac6f888f37,2026-01-11T15:37:58Z,NG,approved,web,False,
f9d8fec1-d075-45f9-a4eb-6af34215e6ac,2025-12-08T17:35:19Z,US,approved,ios,False,
159046dc-ffe3-4468-918c-049484cae544,2026-01-18T01:44:21Z,PH,approved,android,False,
6fbe0755-2657-474f-8c11-fa35a50688c6,2025-10-28T04:15:43Z,US,none,android,False,
a30eb89e-1d67-4e4e-bb4c-cd60bf824a07,2026-01-26T13:21:25Z,BR,approved,ios,False,
c1362921-2eed-413a-a358-766314479e7e,2026-01-09T14:45:20Z,MX,approved,android,True,2026-01-27T20:54:46Z
427f8e96-214e-4fa9-a804-309977c5106e,2025-10-24T10:42:54Z,PH,rejected,ios,False,
9f98acc8-93c8-48e1-9efb-eb363eef499a,2026-01-15T15:34:54Z,US,approved,web,False,
5c154437-ac2b-44ef-aad2-efaeb1789f9b,2026-01-24T15:37:44Z,DE,rejected,ios,False,
c1f79757-d19c-410b-96c0-7b7a32155f51,2025-11-15T15:52:20Z,DE,approved,android,False,
e8805611-8d03-483a-b893-bc06d2fe668b,2026-01-09T15:02:42Z,FR,rejected,web,False,
045d0257-1ba1-4673-835e-bac0fc488688,2025-10-19T22:49:16Z,US,approved,ios,False,
8de48f51-3240-4329-9d91-5f660e6670a6,2026-01-06T01:17:49Z,MX,approved,ios,False,
a16b1340-8e4a-4414-8a96-772ab7e656b9,2025-12-09T00:50:14Z,MX,approved,ios,False,
5d9e8366-cf15-4a2a-80db-8582318aee47,2025-11-03T23:35:07Z,US,none,ios,False,
aca23087-3f72-47a4-9c68-4ee8eecb0c2b,2026-01-01T01:29:33Z,GB,approved,ios,False,
024e7fbb-29b1-4e2d-b2ae-bf0c162c7bd2,2026-01-19T09:13:55Z,US,approved,ios,False,
18c9943b-6193-4b2d-8315-e0d9f9b0737f,2026-01-11T22:49:22Z,GB,approved,ios,False,
845175e4-0083-45a9-8bb5-8b96c82223bf,2026-01-06T02:00:48Z,GB,approved,ios,False,
9320aa72-c378-4a30-8a0f-da25837dc404,2026-01-05T12:28:29Z,US,approved,web,False,
4b83c738-a144-4528-ab89-7d5bed3a9158,2026-01-09T00:14:08Z,DE,none,ios,False,
a1c489e0-fd76-4707-9e07-036de1fc32fc,2025-11-08T03:49:32Z,FR,pending,android,False,
f22edf9c-87c3-4d65-b75d-e64f9d62bba5,2026-01-03T09:49:46Z,ES,approved,android,False,
7e4cd707-69ac-423e-9494-b70c3ec39445,2026-01-05T06:05:39Z,US,approved,android,False,
05316cf9-5d1e-4bb0-925e-765b63bf2146,2026-01-09T07:02:02Z,DE,approved,web,False,
a2fc31a5-1bfa-4b85-923a-8ac560a2d981,2025-10-31T06:11:34Z,MX,approved,ios,False,
c0d95be5-10eb-4291-a4c6-9ee9f2256217,2026-01-19T12:24:57Z,ES,pending,ios,False,
eadbdf54-96f0-4be0-bb02-2dc1543be04e,2026-01-14T00:53:50Z,NG,approved,ios,False,
b3c98c12-83ec-4774-8deb-3d77309fa9bf,2026-01-27T06:50:01Z,ES,pending,android,False,
fef66772-b56d-4c7c-930f-33ed57384361,2026-01-26T08:51:08Z,ES,approved,android,False,
4e109458-a799-410a-8b10-8ed14387d148,2025-10-31T13:07:09Z,GB,approved,web,False,
43f4d170-1986-4750-be16-513517b575ab,2025-10-18T01:25:00Z,GB,approved,web,False,
e28d704f-ca21-4db7-ab05-8f238114237d,2026-01-11T06:52:11Z,IN,approved,ios,False,
45daf6e4-f2a1-45d3-80a8-2a21c6db8260,2026-01-31T10:46:17Z,GB,approved,android,False,
a654c317-c968-4872-977c-a2932d9d24db,2025-12-19T09:52:12Z,NG,approved,android,False,
48c2ec74-96dc-444a-9147-cede2a6295ef,2025-12-29T01:18:55Z,NG,none,android,False,
27997b87-b67c-4abb-8e29-13391659a911,2026-01-29T06:52:04Z,FR,rejected,web,False,
c74ba26b-49e0-4dc8-9e44-18e659f34f26,2026-01-14T21:19:20Z,IN,approved,android,False,
159e01ea-b623-4c45-8666-670bc2f1b760,2026-01-28T18:27:19Z,DE,pending,ios,False,
d09bbaad-bce1-456c-a3cf-badf4d9c5924,2026-01-20T12:02:15Z,GB,approved,android,False,
65e82ad8-9caa-4576-9e77-38ed1da60b1e,2026-01-14T00:55:24Z,MX,approved,ios,False,
5f0cb0b4-018a-4ee0-9bc2-8a9cd3579ec9,2026-01-24T20:46:40Z,IN,rejected,android,False,
c448147f-59ee-42c4-b2df-d35259b96b02,2026-01-22T12:15:40Z,FR,approved,ios,False,
0f55a4af-c2ca-4ae6-9843-a44413c4ae7c,2026-01-22T10:38:13Z,US,approved,android,False,
a7a306f7-73fc-4330-adeb-d7ea88260832,2025-12-23T05:14:23Z,IN,approved,ios,False,
82af7610-48dc-4982-9ece-2f70780f88f3,2025-10-24T03:17:43Z,GB,approved,ios,False,
a212103b-fc10-432f-956e-6674230ecc56,2026-01-23T03:48:04Z,GB,pending,ios,False,
f55d5341-e6ed-4403-8db5-fd83c78018a9,2026-01-20T06:28:16Z,DE,none,ios,False,
3c0c998e-d525-48a4-97bd-568588113d6b,2026-01-09T14:53:59Z,PH,approved,android,False,
b9d019cb-da45-4168-a06a-559b71af3ccc,2025-11-27T20:42:33Z,US,pending,ios,False,
e711aa30-7a2b-4230-afd0-b838b26a47a6,2025-12-02T00:25:47Z,US,approved,ios,False,
f8cd91ec-d7b4-4a55-be28-13173e9a719c,2025-10-04T23:40:34Z,BR,pending,ios,False,
df9646d9-098b-4c61-b8d3-a7a681ac6789,2026-01-30T12:46:19Z,IN,rejected,ios,False,
2a591968-3cab-4a35-88df-265da3fd237d,2026-01-19T06:37:32Z,IN,pending,android,False,
7d4cf885-deb6-43ba-8e4c-9c42258f43af,2026-01-31T06:33:13Z,ES,approved,ios,False,
d5dcd20a-d93f-4a25-a9b0-229d1007cf04,2025-11-13T03:33:29Z,DE,pending,android,False,
381efa32-4788-4960-be4c-b7b4a21edef4,2026-01-14T10:07:34Z,DE,pending,android,False,
1e523e0c-c35e-46b5-aeb3-dbfa8bf59b3c,2025-11-22T17:08:32Z,GB,approved,android,False,
f05ef171-ece1-447c-ae21-41a6eed22d57,2025-10-15T09:17:15Z,DE,approved,android,False,
e6406f79-7bd8-41f0-9d28-e7e2e7a0f302,2025-11-27T08:45:38Z,ES,approved,android,False,
f713f054-d432-4d26-970e-c771f4dd710b,2025-11-17T15:54:15Z,DE,approved,android,False,
288b504f-9843-43ee-aced-890bb8c38dc5,2026-01-15T13:45:08Z,IN,approved,android,False,
72ed615c-454e-41d1-bdf0-606af9b8eabd,2026-01-07T05:03:56Z,FR,approved,android,False,
c44012a9-0e30-4f4b-bdb5-114ea35cbdac,2025-11-18T00:10:22Z,GB,approved,ios,False,
5237a96f-23da-43d7-944e-93dc04e33712,2025-11-18T10:28:03Z,US,approved,ios,False,
9cd5c6f9-bf87-4f3e-9de9-f0cce78f98a5,2025-10-17T02:52:18Z,PH,approved,ios,False,
ed393e1f-485e-4c37-ad9e-fe2c005c385b,2025-11-12T04:42:34Z,US,approved,ios,False,
66b355f4-cbad-4e7e-b6de-6d6cf0fc2451,2026-01-20T20:44:34Z,PH,rejected,android,False,
9e3fb35e-9828-439e-a62b-93aa0fc403b0,2025-12-07T21:03:28Z,BR,pending,android,False,
aaea372c-1c3a-4f9c-918a-3bcf43bea82d,2026-01-14T06:40:59Z,US,approved,android,False,
1a23cda3-b142-4c46-b5f1-4a646875b96b,2025-12-19T19:17:19Z,DE,approved,android,False,
6fac24e1-e03d-4f51-81b3-e17ce1d7b0f1,2026-01-02T19:57:11Z,NG,rejected,android,False,
9416ea59-faa3-4b10-b0a0-961307b3818e,2025-10-24T17:03:41Z,GB,approved,ios,False,
ac81a82b-bc00-4b8e-8de5-df8f4a45b08d,2025-11-21T19:18:21Z,GB,approved,android,False,
21bf2637-e6ef-4e07-8eb5-9040ae2e52e0,2026-01-15T02:50:20Z,BR,approved,android,False,
a56248aa-6a1c-4e70-95ff-b96c3a4a9626,2026-01-07T11:52:33Z,US,approved,web,False,
3319e9b6-ceb7-4d1e-94c1-e77262bf0cb8,2025-11-09T23:18:14Z,US,none,android,False,
be5c4156-0202-4e4a-a29e-c15fa606cdf6,2026-01-09T04:52:53Z,GB,approved,android,False,
f942f530-197b-47a4-b58f-639b7fd69ace,2026-01-26T23:00:34Z,DE,none,android,False,
e5876f70-0f9b-46c9-8119-aba92176f957,2025-12-24T19:47:04Z,ES,approved,ios,False,
e8401895-16b9-45f3-8120-9ed9b0e3ce3a,2026-01-31T14:21:57Z,GB,none,ios,False,
7b9e5a76-9b7f-4481-86eb-454d248b6ec1,2026-01-07T15:48:25Z,ES,approved,android,False,
1ff4fa6b-9dc2-45d5-9738-61b67fd144e8,2026-01-06T03:48:22Z,BR,approved,android,False,
e1074c39-2b96-4ad9-ae55-2a659d6612e2,2025-11-15T09:04:53Z,US,approved,ios,False,
4e17a6b6-7e4a-49d8-ae59-82b26f392da5,2025-11-18T15:27:43Z,GB,approved,android,False,
fbbf630a-1d7e-4ce5-b9e9-0a3c65e80f36,2026-01-08T05:45:57Z,PH,none,android,False,
2d60d79a-1e0f-4b20-8954-4b015c555f5a,2025-10-09T15:35:02Z,BR,pending,web,False,
67f05b0b-ab77-4728-8263-04ebb1ccb900,2025-12-25T13:25:15Z,ES,approved,android,False,
8cf0c621-1df8-442a-baa4-9a3a4bba78a2,2025-12-25T23:38:53Z,IN,pending,android,False,
feed9977-80ee-473e-b76b-2dd4b2d187d6,2026-01-31T04:27:27Z,US,approved,android,False,
fbe2bdfd-edda-474b-aaeb-9560945366cd,2026-01-20T10:19:31Z,PH,approved,ios,False,
b1e1e5cb-c9c7-463d-ace9-2bb6fc4d1059,2025-10-08T17:55:40Z,GB,none,android,False,
896b3338-4c3f-4bdd-8433-918ddf3ec1d6,2026-01-21T04:42:26Z,MX,approved,android,False,
529b4dee-116d-4dfb-a5f2-c435cbf3258e,2026-01-18T09:47:52Z,DE,approved,android,False,
3dd29232-45e1-416e-a71a-7c58f63a19bb,2025-10-30T06:13:41Z,GB,none,ios,False,
66581a87-49c7-46d1-9f9f-35c6e487472c,2026-01-26T11:27:25Z,FR,approved,android,False,
0be4ec08-dc5d-4f5f-8277-8319a1d30904,2026-01-17T10:08:55Z,BR,approved,android,False,
8811d155-2127-4f51-8626-c31f2313ca2a,2026-01-24T09:29:19Z,US,approved,android,False,
cbc5f8ce-e9e4-4523-9a0b-9a86aa9eb4d1,2026-01-30T18:05:47Z,GB,pending,android,False,
755d8228-060e-4bc0-bbc0-040dde89dccb,2025-12-09T21:16:28Z,FR,approved,ios,False,
fc31b4b9-2525-47c3-9a2c-888640ed0c14,2026-01-27T17:22:25Z,DE,pending,ios,False,
b6b86926-4197-4f26-b6d2-e636ee181f30,2025-11-03T20:47:44Z,IN,none,ios,False,
c337e291-0e3b-45aa-a0d1-b62e1b032268,2026-01-05T23:35:17Z,ES,approved,ios,False,
33f15d3b-a4d2-4ba7-92ba-6ec6b4d1ece9,2025-10-12T00:47:17Z,US,pending,android,False,
ae0a555f-d062-4a14-a50a-2116da96ec76,2025-11-14T22:01:27Z,IN,approved,android,False,
12128f5e-d7c9-42ae-bb58-60b7b4bf2be9,2026-01-18T15:16:07Z,FR,approved,ios,False,
662fdd35-a74c-4a7f-8009-497c3b0b4725,2026-01-31T18:16:07Z,PH,approved,ios,False,
03879ddc-a658-4220-b80c-1832f0287ef8,2026-01-08T23:15:17Z,BR,approved,android,False,
f57e5124-5259-4087-80db-797fcc532e47,2026-01-10T12:15:54Z,US,approved,web,False,
f46989a0-ca59-4acf-a9a0-8c76ed3448d9,2025-11-17T20:04:35Z,FR,approved,ios,False,
280cde02-94d5-4e2a-9e39-1268438e5450,2026-01-22T20:52:33Z,BR,approved,android,False,
f6be4cb0-2bcd-45f2-b995-a1476695af31,2026-01-03T08:35:24Z,NG,approved,ios,False,
cf5335b1-8038-4b30-9731-1226aa8a57d4,2025-12-08T02:56:08Z,GB,none,android,False,
81c51de7-8fdf-4af1-bc4f-9c0e385b7199,2026-01-16T14:58:30Z,BR,rejected,ios,False,
6d6c18ae-efd3-49c4-90c7-539a8a61b0eb,2025-11-25T09:30:51Z,PH,approved,web,False,
77509913-04b7-40e6-bcef-8db88649ed4a,2026-01-25T20:51:59Z,US,approved,android,False,
6b0e8eab-aa6b-4c8d-9342-d850cfb9f711,2025-10-11T16:05:13Z,US,pending,android,False,
a04d4442-781e-4154-b15d-a4319b47cc13,2026-01-09T15:10:00Z,BR,approved,android,False,
41e31e26-0914-430a-96f2-b397de137cec,2026-01-24T07:40:17Z,NG,approved,web,False,
00615dc2-1913-488e-a393-c496d1feef61,2025-10-23T13:35:23Z,IN,none,ios,False,
dbbd4d91-0f97-4971-8d79-840caf28b18b,2026-01-03T13:49:30Z,DE,approved,ios,False,
acb90666-1836-4f8e-ba90-7ad33d1772aa,2026-01-13T03:55:29Z,GB,approved,ios,False,
fa4ad8df-838f-4ede-b6b2-66a10a3d581d,2026-01-18T09:53:43Z,IN,approved,ios,False,
f20a67c8-f3a5-4ff5-a9ac-9daa8a4b37e4,2025-10-09T03:33:54Z,ES,approved,android,False,
ef345272-a58a-431d-8b00-f2831efe2719,2026-01-03T06:44:07Z,MX,rejected,ios,False,
1d4995db-f2e4-42c6-9a69-376595c29152,2026-01-27T19:16:18Z,GB,pending,android,False,
5d33d55c-a23a-4e48-9b59-9284429e8c7a,2025-11-04T15:47:17Z,MX,approved,android,False,
a03ccac9-5550-405a-8436-87a4c3cf788f,2026-01-30T06:59:48Z,US,pending,android,False,
b7d7527c-2f49-4ba7-9205-7d6f05fd87ae,2025-12-21T17:11:33Z,PH,none,android,False,
1146524b-602c-41de-a8e6-15adde9e1c03,2026-01-13T19:51:41Z,GB,pending,android,False,
907a1aee-f756-48c4-b3d8-ea50737579e9,2026-01-08T12:21:42Z,GB,approved,web,False,
16a6b7b4-1cda-42a6-8995-43c7ffe3799c,2026-01-15T14:52:14Z,BR,approved,android,False,
e9130627-9c93-4fbd-958d-717d0874e7e1,2026-01-11T16:16:27Z,PH,approved,android,False,
0841f1a5-7372-4fe7-9b1c-dfbe2afd0d2a,2026-01-20T14:00:53Z,GB,pending,ios,False,
a7f91a8b-886a-46cc-8f2c-9ac163334880,2026-01-11T14:30:25Z,PH,approved,android,False,
7ab76022-75a9-46e0-af84-80301b202674,2025-10-08T23:40:47Z,GB,pending,ios,False,
4b282ad4-1825-488b-bb39-026f3923a09e,2025-11-29T22:32:54Z,DE,approved,ios,False,
96a33a6f-dade-46e1-b622-d3ee4722d93d,2026-01-27T05:25:19Z,FR,approved,ios,False,
ed5897e3-93f7-44d8-a990-e73b717f541f,2026-01-25T16:43:11Z,BR,approved,ios,False,
421e63e7-ae57-4ef7-bcc3-37b52d01f6a0,2026-01-05T15:47:50Z,GB,approved,web,True,2026-01-08T00:28:17Z
b8033664-a676-4711-b900-e65788a0137c,2026-01-11T08:22:01Z,IN,none,ios,False,
cd68d1d7-199d-4c31-894a-14e5a40278fd,2026-01-22T03:05:19Z,DE,approved,web,False,
29fac67b-6f6c-4766-9b1e-db2702148bcc,2026-01-17T02:28:35Z,GB,pending,ios,False,
964550ef-08a3-4f5c-8976-cf2a432de422,2026-01-12T01:13:34Z,MX,approved,ios,False,
1e1829f2-a6b0-4c0f-a885-0c8667593ed5,2026-01-19T21:48:09Z,DE,approved,android,False,
57752de8-a9c6-4aa2-b6e2-badba3e2bbc4,2025-10-17T22:20:35Z,FR,rejected,ios,False,
a8b25d0f-9645-478c-915e-f3811a22d147,2025-11-22T01:54:57Z,GB,approved,android,False,
1501165e-501a-48c7-b1be-c9f43ec6050c,2026-01-24T00:14:08Z,GB,approved,ios,False,
434f2812-0790-4c55-a60b-1f6b345197ab,2025-11-23T00:54:55Z,GB,approved,android,False,
d460351d-06ae-4248-9016-c652d0045dd2,2026-01-19T02:43:42Z,PH,approved,ios,False,
4e0f205a-c4f9-4ac8-b2a7-3283e68e1e83,2026-01-28T19:15:55Z,NG,rejected,android,False,
239eb38b-e24d-4728-9e62-3977e34c8314,2026-01-17T16:36:58Z,US,approved,web,False,
a3db6ba0-37d9-491f-9872-5b2fed967ae8,2026-01-30T22:43:22Z,IN,pending,ios,False,
0552796c-b048-455a-b911-05e36f1c4f46,2025-10-21T07:12:22Z,DE,approved,ios,False,
077a7c72-32c7-4e1f-a8d1-6dadf8d2e8d0,2026-01-29T04:26:34Z,BR,none,ios,False,
617efe42-3f9f-4ac1-a553-74cbba8c5f7a,2026-01-31T01:47:17Z,GB,approved,ios,False,
015d1051-0cf5-41cc-8cc9-ad350b2d0e95,2026-01-29T08:36:26Z,GB,approved,android,False,
4d022640-1137-4722-956c-70c21c49574d,2026-01-16T04:55:18Z,US,approved,ios,False,
5772a0df-3c66-433a-9502-f7bb1bbd06cc,2025-12-13T11:55:42Z,IN,approved,android,False,
3adc5aa4-a93b-47fc-8ab0-7e21d99d62a8,2026-01-09T12:47:13Z,DE,pending,ios,False,
82aba6fb-f044-4a4f-8bdd-b41f209b45d8,2025-12-05T14:24:58Z,FR,approved,android,False,
61d00a41-5324-4b2e-ae4f-6a8f357404fb,2025-10-11T22:51:52Z,IN,approved,android,False,
c6451993-9edb-4ce7-8e15-d28c2750448c,2026-01-13T15:38:24Z,NG,approved,web,False,
ab0f7dad-0601-4d25-8f16-c8a64ec15930,2026-01-11T20:10:15Z,MX,approved,android,False,
958b8d37-f217-40b5-8a65-205f7dc0c53c,2026-01-05T09:30:11Z,ES,approved,android,False,
98bfeb45-9ab3-4b9d-a7f6-b8d20bc880ff,2025-10-13T17:57:43Z,FR,pending,ios,False,
3192262c-5dec-45c1-828b-7522459e5e4f,2026-01-08T02:20:03Z,FR,approved,android,False,
2c0c652a-2365-4e90-a034-f5da73dffb60,2026-01-04T01:14:18Z,US,approved,ios,False,
c71c2f3f-650a-48e9-a798-ee9798c0b65e,2025-11-11T06:53:59Z,MX,none,android,False,
7d00bacb-03c0-46db-891b-b537bb8fadd6,2026-01-26T07:26:36Z,DE,approved,ios,False,
8fa7ae44-5869-4b57-9d0d-8ac4b3ae4e15,2026-01-19T06:50:24Z,DE,approved,ios,False,
29f8d1c6-9d53-4846-970d-0dfb8ddb4f93,2026-01-19T06:27:17Z,PH,approved,ios,False,
d543e545-b760-4c62-a963-d8c66b6cf1dd,2026-01-24T09:41:56Z,MX,approved,ios,False,
26665c2a-da13-47e3-8997-9f99a4dfe1eb,2026-01-25T23:29:02Z,DE,pending,ios,False,
421b4859-b0d5-4d18-89e2-21bfb70df40c,2026-01-06T17:51:52Z,DE,approved,ios,False,
8bdf6ce8-baab-4942-932d-547abf4c7264,2026-01-24T06:06:00Z,US,approved,ios,True,2026-01-25T11:45:22Z
4b9ac5c3-838a-451a-b871-5493617a394a,2026-01-08T19:43:44Z,GB,approved,android,False,
0cb98bb8-d10c-4ade-b83f-b2e98dda5622,2026-01-09T17:45:32Z,BR,rejected,ios,False,
f056d625-15eb-41e3-afdc-f592bf6b37f9,2025-10-07T13:40:48Z,PH,approved,ios,False,
3106bb7f-d4d5-4d22-aefb-25f46daa052b,2026-01-11T15:34:38Z,IN,approved,android,False,
78b10b54-5879-4035-a2fe-3a77bd8b9eac,2026-01-25T19:07:51Z,US,approved,android,False,
b33cf85b-6ded-4466-b92e-6e6feefeea9f,2026-01-12T03:45:08Z,ES,none,ios,False,
e439941b-ed02-4fc1-a969-3f3323e89d1d,2025-10-04T08:42:57Z,IN,pending,android,False,
4e156ef7-3e5d-4dde-867a-10c715d78587,2026-01-26T19:09:38Z,BR,approved,ios,False,
bdd3e5a2-9fc1-465b-8901-7df150e355df,2026-01-01T01:23:54Z,MX,approved,android,False,
71d77646-6f1a-457e-9606-a421065fc07c,2026-01-03T02:36:33Z,DE,rejected,ios,False,
136f9440-a048-457c-95b9-18d1136fbb7c,2025-11-16T02:33:13Z,IN,approved,web,False,
0a8ac957-8766-4059-9646-564ecaf4d303,2026-01-13T08:32:05Z,BR,approved,ios,False,
f84b06e2-0467-4684-bd63-14ce1635f73c,2025-11-08T14:36:49Z,US,approved,android,False,
0a0ae5fe-508a-4b97-9b9a-4882aee76cb7,2026-01-01T08:22:54Z,ES,approved,ios,False,
8f430d2a-2991-4f85-8e0c-c9ce18d3c38e,2026-01-21T16:24:33Z,DE,approved,ios,False,
77dcdcc4-322d-4446-87ff-0642fb88e936,2026-01-14T09:03:04Z,PH,pending,ios,False,
aff2604e-e22d-4d55-8d45-e2983fd8cc1e,2026-01-09T16:13:24Z,ES,pending,android,False,
eae2842c-8302-4a08-8caf-2b4214ada856,2026-01-20T07:51:17Z,FR,approved,android,False,
411b59a4-4542-4679-958f-d430f01c79fe,2026-01-08T20:30:17Z,GB,approved,android,False,
a981e863-21fa-45f1-a797-85127ac8b866,2026-01-03T12:38:45Z,GB,none,web,False,
a53429dc-9f2f-4b1f-88c0-4523f1082629,2026-01-30T03:20:11Z,ES,pending,ios,False,
1b95b292-56d4-4450-9b80-bd58ff2c6c0f,2026-01-19T15:46:20Z,MX,approved,ios,False,
abd2e8e7-a8d4-40bd-8e31-d4f4cef82a99,2025-12-23T17:37:07Z,DE,pending,ios,False,
c28036fe-ee40-4cd8-9f4b-ff89c082d7cc,2025-11-24T16:54:35Z,GB,approved,android,False,
d4859e08-5d12-4ce9-9dff-d9b0bcc3d612,2026-01-02T18:00:51Z,US,rejected,android,False,
cb4e5239-a77b-43a9-b280-9b213107ec6e,2026-01-20T09:22:26Z,US,approved,ios,False,
9af56159-cc2b-4558-a3c7-c88b6dea0321,2026-01-04T07:56:41Z,MX,approved,android,False,
ae662cb6-3037-4145-a590-35bea3998c28,2026-01-17T20:50:16Z,PH,approved,ios,False,
a076e535-76d4-473a-9383-589c6854277e,2025-10-18T23:49:51Z,US,none,ios,False,
728db833-4afa-4528-90db-87d77d815455,2026-01-06T16:19:31Z,IN,approved,web,False,
f52243a0-6873-4c5d-8094-9cf73d5874ab,2026-01-22T11:51:46Z,PH,approved,android,False,
ea939769-8217-4289-92de-58a1ed5a6ed6,2025-11-02T07:13:33Z,MX,approved,android,False,
0b7dc84e-56be-484d-9ad4-a4065bc0515e,2026-01-11T16:45:50Z,DE,approved,ios,False,
70c6700b-88ee-4ae7-94a2-c1d69cf0c758,2026-01-01T11:19:42Z,FR,pending,ios,False,
535632ad-5aba-4113-8046-d78b966ca05f,2026-01-17T14:27:02Z,GB,approved,web,False,
059aad5a-757e-483d-84ea-677d10725079,2025-11-26T17:20:43Z,PH,approved,android,False,
9a9890e1-3dfb-4514-8038-464be6315a26,2026-01-12T18:00:58Z,IN,pending,ios,False,
56c578cf-2d0d-43e3-9373-110a6de238ea,2026-01-08T13:44:52Z,FR,none,ios,False,
2048d5be-a670-42c4-9399-928f08637afb,2026-01-01T07:43:01Z,FR,none,android,False,
79839979-544e-406d-9ec0-cf8b969b42db,2026-01-24T21:37:05Z,MX,approved,android,False,
b0d61b46-3b8d-4abd-a08b-150414bfbb5c,2026-01-25T19:30:49Z,US,approved,ios,False,
601f7dce-4077-47af-a4ef-dd712f7172ae,2025-10-30T04:18:41Z,GB,approved,ios,False,
f8767707-7bf2-4b35-afd4-e556a2079fa4,2026-01-06T20:14:20Z,DE,approved,android,True,2026-01-13T11:03:12Z
53df473b-76d2-4f1f-924b-a9d7b04e7a7f,2026-01-16T19:09:38Z,ES,pending,android,False,
ff616fee-ae62-4bfa-a5f5-cc4474078755,2026-01-30T18:17:40Z,US,approved,ios,False,
8c5bbd60-4c48-43a1-ae34-8a7d68124047,2025-11-14T09:24:54Z,US,none,ios,False,
269fa118-476e-48b6-baf2-b98c3d6e2d8d,2026-01-05T20:21:24Z,FR,approved,android,False,
1c52e46d-f385-4fc3-ac91-2aea2665f7f2,2026-01-08T06:14:10Z,BR,approved,ios,False,
0a2de2e8-7b00-4bdb-9adb-87605d16c47f,2025-10-11T05:10:35Z,NG,approved,ios,False,
68faed92-8842-45be-b453-6ffb87fa1ed8,2025-12-24T09:29:41Z,GB,pending,ios,False,
5ab7018b-e1a4-4a04-b2e8-327f920bc798,2025-12-18T07:37:17Z,FR,approved,ios,False,
c107f342-44a6-4bf8-b902-4e806f433d2a,2025-11-16T23:16:41Z,ES,approved,ios,False,
b79a08ea-49af-43f0-a2d0-a4c9cb5a4604,2026-01-27T03:19:33Z,GB,approved,android,False,
f7296a8b-7263-45e6-990f-dc627409e3e7,2026-01-22T16:42:40Z,MX,pending,ios,False,
757325d1-d288-4475-b706-c34982798ed1,2026-01-09T03:14:22Z,DE,approved,web,False,
679b72b1-9df4-424a-8a6c-98f07df4d151,2026-01-04T11:07:18Z,GB,approved,ios,False,
0147dc00-cd74-47a4-9f9b-f2627404ebba,2026-01-30T09:19:28Z,DE,approved,ios,False,
3ff6e679-2e5b-48c1-a3fb-144095417f9b,2026-01-29T11:48:39Z,NG,pending,android,False,
69571e49-edef-4354-ba4c-a6fe3d6d2bd5,2026-01-12T09:21:37Z,DE,approved,web,False,
306808d2-1025-448f-b8de-601e9940d292,2026-01-06T00:00:52Z,GB,approved,web,False,
02fc72df-d317-4310-85ae-afbb32f77699,2025-10-24T20:58:09Z,GB,none,android,False,
4033f2cb-ef8f-4f10-aa19-1f4de90fc17e,2026-01-12T03:13:08Z,US,approved,ios,False,
4ac3ab98-3d9a-4470-8370-85b82735349d,2025-12-27T22:43:13Z,DE,approved,android,False,
2014fb12-2ac8-4f1c-b863-d00d153de0d3,2025-10-22T14:04:55Z,NG,rejected,ios,False,
5a688a20-a557-446b-8d56-34fb49d40be2,2026-01-23T03:54:41Z,DE,approved,android,False,
f1e3c833-a73a-4c7e-9097-53e6e6e05fe2,2026-01-16T00:46:53Z,MX,pending,android,False,
cf6cd005-fbe6-4687-a3e1-4341c5cd4b98,2026-01-21T00:15:08Z,US,none,ios,False,
2228aac5-08bc-4b6a-ad24-605ef1fa960b,2025-11-16T13:33:34Z,BR,rejected,ios,False,
8f6cf77b-d46c-4969-9904-f781a68d1166,2026-01-01T10:38:24Z,FR,approved,android,False,
d45c4de3-9f7b-440f-b497-0fe64a1cb2db,2026-01-10T03:42:04Z,ES,approved,android,False,
d5c5dc09-4d94-461e-930b-f7687fe1c072,2026-01-19T22:03:37Z,IN,none,ios,False,
de3926b1-2614-4d6e-9718-c2ec15507540,2026-01-30T18:26:55Z,IN,pending,android,False,
98c279e2-d7dd-4a60-8c30-4c81d9e6feb1,2025-11-08T17:09:19Z,IN,pending,ios,False,
65b5577d-05f5-4bbd-847a-84ee1c2d7894,2026-01-14T05:03:33Z,FR,approved,android,False,
b7a2953d-6391-421d-b07e-08819fb0da31,2025-12-28T17:13:49Z,PH,none,ios,False,
076f3c9e-0fbd-4b6a-815f-b2c5e8377ae0,2026-01-05T09:05:13Z,GB,approved,android,False,
f08040d6-82fc-4c45-bea8-f1b26ad9ddbd,2025-11-13T07:07:04Z,DE,none,ios,False,
2b00aa14-b63b-4dfb-afb7-1a1666f44948,2026-01-13T22:29:57Z,FR,approved,ios,False,
73a80731-0f02-4a73-98e3-01f27d5c4118,2025-11-12T23:32:27Z,GB,pending,android,False,
760345e9-90c2-4646-817f-6dfdaeaa2877,2026-01-02T15:02:32Z,US,none,android,False,
3b2631d4-f380-42f1-9303-b9e17af61a39,2026-01-19T21:21:39Z,DE,approved,ios,False,
3471450f-3726-44fc-b8f5-afaf1276c324,2026-01-27T16:18:25Z,NG,approved,ios,False,
ffebfcee-b2a1-4249-b05f-0e48545e8849,2025-10-06T16:04:15Z,PH,approved,ios,True,2026-01-26T10:03:08Z
44b039a1-6e49-4c6f-b161-b7332e520af7,2026-01-20T05:09:00Z,IN,none,ios,False,
bf86bc11-1636-42ba-a8fd-7cf289a40a0d,2026-01-29T22:38:15Z,GB,pending,android,False,
a56be66f-f755-4c0f-8304-071a529ad966,2026-01-17T10:17:25Z,MX,approved,web,False,
1588e2b7-5ec8-4237-baa1-920c6ea3a3a4,2026-01-27T00:53:48Z,IN,pending,ios,False,
9d654175-a9b9-4f17-a322-90665c6c0ec6,2025-11-16T08:01:37Z,FR,approved,ios,False,
3cb11d8e-02ba-43c5-b5ff-b627b70044ce,2026-01-02T22:00:26Z,BR,pending,ios,False,
26ce7655-f1a1-45fc-9255-94857b954cf9,2026-01-10T01:26:09Z,NG,approved,ios,False,
4af3ac75-ca06-4b99-be79-77a0415dfb66,2026-01-27T22:03:46Z,GB,approved,android,False,
c88016b9-1ce3-4607-b0d2-ad91cddaa9a6,2026-01-23T01:02:25Z,GB,approved,android,False,
8932e859-6bb7-4fa3-828f-c80cd2d81df2,2026-01-18T16:10:42Z,FR,approved,ios,False,
5daa467c-19d3-4ae1-8d7e-561a52cda3f9,2026-01-19T19:27:34Z,US,approved,android,False,
fa184518-7bd7-4fe5-98e0-c80ff35cc333,2026-01-20T21:27:24Z,DE,approved,ios,False,
5b2356ec-0729-4804-abd1-39fd030c4d38,2025-12-14T17:29:46Z,IN,approved,ios,False,
661482f4-c6f4-464d-a69f-ae318030d055,2026-01-19T20:45:01Z,DE,approved,android,False,
3b1612b4-a674-4d19-9843-3b78d9907229,2026-01-30T09:59:13Z,FR,rejected,ios,False,
10edd504-6a83-4a69-86ae-2b61184f5f70,2025-12-20T06:57:31Z,IN,approved,ios,False,
01fed646-dee7-472e-bb14-44eea942bef5,2026-01-18T21:59:46Z,IN,approved,ios,False,
545d96b3-7b7a-469e-b80d-fa9489d5ec0e,2026-01-15T18:04:28Z,GB,approved,ios,False,
1e66a3a7-0161-4393-a161-a5b5f17b9826,2026-01-19T16:56:35Z,US,pending,android,False,
39039b38-4e66-490f-8b27-c4edfec2d447,2026-01-28T02:16:55Z,ES,approved,ios,False,
837d0f56-f90a-47f4-863e-07e6d6d51f3f,2026-01-21T17:34:42Z,MX,pending,ios,False,
51a45d7a-6ea8-47d7-b5c1-69bc7be1b902,2026-01-08T16:17:20Z,NG,rejected,android,False,
d52b6c30-01d2-43e5-a90b-a785ed37cc67,2026-01-16T18:14:58Z,IN,approved,ios,False,
4f49c01d-e4c1-4fbd-8b45-0140cc5a2efe,2026-01-12T16:27:43Z,NG,approved,ios,False,
37cabd6f-12f0-444d-87c6-91335792b801,2026-01-22T23:05:17Z,BR,approved,ios,False,
a4bb029f-e2d2-42f9-8b59-30bba453cf8d,2026-01-26T03:03:31Z,GB,none,android,False,
60b07ca5-2a66-4bc1-807a-05e5215a1279,2026-01-16T06:53:25Z,GB,approved,android,False,
6809aa16-da5e-4742-85a9-4ae4dca865e6,2026-01-28T00:09:48Z,NG,none,android,False,
d090abbc-838b-4441-acca-0583aeae39a2,2026-01-13T20:44:00Z,ES,pending,android,False,
ae372350-6824-45d4-a98f-88835f1bf0bb,2026-01-20T09:47:55Z,NG,none,ios,False,
5f655f0d-6f83-4e2c-aed5-d0d62688e31f,2026-01-24T16:52:59Z,IN,approved,android,False,
6c44820a-a74d-4b6d-ae5b-2a65e30cc5de,2026-01-15T13:59:00Z,GB,approved,android,False,
3c895f7e-9db3-40d9-a1b7-c2dedc9bcf2e,2025-11-18T11:19:57Z,IN,rejected,ios,False,
24e0b01f-a608-4eed-bfbd-4cf652fa7526,2025-10-08T02:04:16Z,MX,approved,android,False,
979dfaab-501e-4acb-b516-bdd880d58102,2026-01-16T12:01:50Z,NG,approved,ios,False,
ba76cccc-535c-4ef5-86a1-2b8b468f39ba,2026-01-20T01:44:29Z,PH,approved,android,False,
eee8ba7c-2bfd-4ca9-ad2f-5ed34d33cd28,2026-01-20T03:25:08Z,GB,approved,ios,False,
8ae35641-be1f-4fe7-a609-9543a3b30f3f,2026-01-13T17:54:07Z,GB,approved,android,False,
95d2600a-c2a7-4433-9c20-81aa2b2ed381,2026-01-28T03:37:38Z,US,approved,ios,False,
62743191-05ff-4c7e-91fe-8fd86ba06161,2025-10-24T15:02:05Z,US,approved,ios,False,
e350848b-7fb6-4856-9be7-8cb60deb639d,2026-01-06T11:06:24Z,DE,approved,ios,False,
cd093086-0397-43e1-9281-62ef73d197cf,2026-01-02T04:12:10Z,FR,approved,ios,False,
c6742398-0911-4d2b-85f3-9ecf2c94c533,2025-10-12T18:41:28Z,BR,pending,web,False,
d2094021-262a-469a-86c2-980a0362b0ac,2026-01-05T03:58:51Z,GB,rejected,ios,False,
e0e8bd32-7307-4f76-b5cc-0c1e2b9ec539,2025-11-24T23:30:00Z,US,approved,android,False,
b53aada7-0c54-4e31-846b-4112519b4315,2026-01-27T02:49:18Z,US,approved,android,False,
004a1089-aedd-4803-8473-76bf91901b31,2026-01-07T20:40:54Z,DE,approved,android,False,
daec58ff-ea5e-4601-9a81-6b150c644e03,2026-01-13T09:37:41Z,GB,approved,ios,False,
ca58c9e9-175a-4d89-85d8-ce2c202c3809,2026-01-01T09:42:36Z,GB,approved,android,False,
85c7f792-d39d-4dcb-9a4d-9b701483e4ad,2026-01-06T05:42:09Z,GB,approved,android,False,
42f8799a-3aff-4c45-bab0-250b59924572,2026-01-05T20:02:48Z,MX,approved,android,False,
daf862d8-97d7-4b7a-ac79-e71f7b9b957f,2026-01-23T05:35:33Z,NG,none,android,False,
06c05cec-d019-4e06-9e33-8e5cd6bdeb18,2026-01-24T18:48:47Z,ES,approved,ios,False,
15fb584a-02f6-40a4-85ee-984efcc89dfe,2026-01-12T11:11:54Z,PH,pending,web,False,
ab3747fb-c9ae-4a39-85a8-0d157af596ec,2026-01-19T19:05:11Z,MX,none,android,False,
27cda533-8c59-47f3-aae6-59079e02b285,2026-01-08T08:45:10Z,US,none,ios,False,
9d3d69e2-5de4-491b-8ace-1a851baa7644,2026-01-30T17:33:14Z,IN,approved,android,False,
c7b8c0ff-13d2-43f6-b4b7-b6e7468dd842,2026-01-16T03:57:08Z,MX,approved,ios,False,
f97ce6b1-d6af-4573-aebb-cfe94187cb95,2026-01-27T06:43:22Z,DE,none,ios,False,
87b7a1c6-9a66-4806-9958-99620e7d79e3,2025-12-13T08:20:31Z,PH,none,web,False,
bacb9ab0-76d5-4fc7-bd4c-cbc34e745784,2025-11-20T21:31:52Z,NG,none,web,False,
00c42f2e-13d4-4443-8b96-6f81fed45da3,2025-12-27T12:23:49Z,MX,approved,ios,False,
34021692-09b8-4cd3-afa5-a2f91c8a102c,2025-10-10T14:01:53Z,GB,none,ios,True,2026-01-20T22:27:44Z
abc083f3-5d62-49ea-ab41-14616b5653e8,2026-01-28T12:39:11Z,DE,pending,android,True,2026-01-31T07:00:20Z
8073c14c-cecd-4786-b460-782069c2932a,2026-01-30T08:32:24Z,BR,pending,android,False,
e5629961-bcdf-4d3a-ae46-b3768351e63b,2026-01-08T22:49:29Z,US,approved,ios,True,2026-01-17T14:51:47Z
93bccbee-0744-42e3-ab3b-093b5138eab0,2026-01-10T20:19:05Z,FR,rejected,ios,False,
a83aff56-e2b5-4d38-a16b-8f01ff242755,2025-10-29T12:10:16Z,IN,approved,android,False,
9cc62d23-ba7c-407e-ac50-317a04184db6,2026-01-19T11:10:04Z,FR,rejected,ios,False,
e202fd4f-6f82-48a9-9772-836619eedf2e,2026-01-02T20:52:10Z,NG,approved,android,False,
d9f10b25-ce2d-4182-9677-9cc932776899,2025-10-25T04:25:01Z,ES,approved,android,False,
853781d5-643f-41c8-9b7f-3c844c26f6e1,2026-01-03T09:26:00Z,US,approved,ios,False,
2b196b03-8d06-4bf5-beed-25f7b035642a,2026-01-09T01:58:15Z,ES,none,android,False,
7f38407b-fc6a-4c53-bd7f-da4ed1351081,2026-01-22T22:15:59Z,GB,pending,android,False,
547a0af4-44ba-4748-a88b-d2c784bae1f4,2025-10-22T19:04:26Z,ES,none,ios,False,
7975cb57-a687-4b5d-a228-9145d6eb674e,2025-12-05T07:26:44Z,GB,approved,ios,False,
a12eed8f-64e2-49a0-bc8e-cb403d96dee5,2026-01-06T23:56:22Z,GB,approved,android,False,
d155c4e1-da27-4da4-ab4f-9d02390e37b2,2026-01-25T20:08:04Z,DE,approved,ios,False,
a4f767dd-9299-4277-82e9-9e2115816cdf,2026-01-17T06:31:41Z,NG,pending,android,False,
c1d4d0d7-f423-4702-83aa-30c2eda53ced,2026-01-03T11:46:51Z,ES,approved,ios,False,
4d7686b8-f399-4b4c-b49c-0566dda3f0ab,2026-01-06T16:57:37Z,MX,none,web,False,
83726b54-0364-4b1f-917e-3ed3c4edc3f1,2026-01-25T03:46:41Z,IN,none,android,False,
4a7beee3-8e2a-45d0-a48e-befae4e1a3e5,2026-01-29T14:04:27Z,DE,approved,android,False,
d2f5a30c-a265-44c1-a34e-a9a17de0e426,2026-01-27T13:41:57Z,US,approved,android,False,
1b5a120f-b1bd-4828-89f6-388d555296c2,2026-01-03T16:09:14Z,DE,approved,ios,False,
29b3c165-f3a5-4fe4-9ce0-ce7da2c2e7ac,2025-11-22T11:56:41Z,MX,approved,ios,False,
65db972e-a043-4dd8-819f-c1f5750358f8,2026-01-30T15:58:16Z,DE,approved,android,False,
8669367f-18a6-4694-9ace-cc6b9a667700,2025-10-17T10:53:10Z,MX,pending,ios,False,
37d4bfeb-334f-46e2-a967-86294dfdc702,2026-01-04T06:50:14Z,FR,none,android,False,
10141292-688d-42f4-89da-69a09fd4d5a7,2026-01-14T07:43:14Z,US,pending,ios,False,
6d4483be-edfa-43a6-9843-d3f8abdb71c6,2026-01-28T17:41:27Z,FR,rejected,android,False,
903ec623-302d-4397-9d30-8e29e68693d3,2026-01-14T22:35:50Z,ES,pending,android,False,
a32de485-2f81-4831-aa7b-e14eb9bf541f,2026-01-07T07:07:36Z,DE,approved,android,False,
d040b22a-b599-4953-b44c-0719d332bb89,2025-10-13T15:31:37Z,FR,none,web,True,2026-01-21T04:17:36Z
0e630beb-79dc-4846-8d3e-e916a35ccc26,2026-01-11T01:33:28Z,IN,approved,web,False,
41913ccb-0111-4025-9977-fdf77e146ed1,2026-01-31T22:44:43Z,US,approved,android,False,
a11bdddd-9aae-400a-a34b-a8ea898fcfb6,2026-01-15T13:51:22Z,BR,none,ios,False,
92b9dd66-86b8-45f9-9bfa-cfff220891ea,2026-01-28T14:50:29Z,DE,pending,ios,False,
8add81de-9041-4833-9271-5632d6838519,2026-01-24T06:12:05Z,MX,approved,android,False,
2c2f6c9b-8bba-42c2-a0f1-8e8ce32f1177,2026-01-27T01:36:45Z,MX,approved,android,False,
1bc294a6-c443-479a-91c2-a4760a8f94d1,2026-01-26T07:05:39Z,US,approved,android,False,
d6e721b3-d6e5-4418-b62a-376583ca17b9,2026-01-17T02:28:51Z,IN,approved,android,False,
f43494ff-d036-466c-99c1-eda313a7f6af,2026-01-02T12:19:09Z,US,approved,ios,False,
f9429b22-d1b1-4063-a60b-0f6ed1f792a4,2026-01-10T02:18:44Z,NG,approved,android,False,
375be8dd-3ab8-4567-b0be-8fe59a815b5f,2026-01-02T12:50:58Z,US,approved,ios,False,
eb6280d7-a28a-4d63-b564-ac0706912374,2025-11-22T16:07:51Z,NG,approved,ios,True,2026-01-07T03:22:17Z
f51f51ac-8576-486d-b7b7-cd6fa68232fe,2026-01-02T05:03:04Z,IN,pending,web,False,
cd1f1904-e690-4209-9f4a-37bebb9c58e0,2026-01-26T10:04:14Z,US,approved,ios,False,
84fbc68e-315b-4f17-8c88-745151a5cd92,2025-10-25T19:10:05Z,US,approved,ios,False,
cb0946d7-5099-4904-bb6e-c46e6bffae1d,2026-01-16T02:19:10Z,MX,approved,android,False,
a486390c-ef37-4ddf-8fa7-930fbf8cc5a0,2026-01-03T05:45:24Z,GB,approved,android,True,2026-01-27T18:07:17Z
ed113286-7124-44a8-a85e-ec7049d06b1a,2026-01-11T04:29:16Z,US,pending,ios,False,
76891257-6ce4-4614-8b37-0f128e2c894d,2026-01-06T17:04:23Z,US,none,ios,False,
f032917f-a604-463c-a9c2-c78c9e41c8f6,2026-01-05T23:16:33Z,US,approved,ios,False,
4073db7f-0149-446e-a18a-bbeb797b17f2,2026-01-14T18:01:50Z,NG,approved,ios,False,
0c01d362-2be3-465f-94d1-000f6aeaf091,2026-01-03T11:06:01Z,GB,approved,android,False,
08da47fd-ea0a-4759-ba8f-af436c2ada16,2026-01-21T16:52:06Z,ES,approved,android,False,
b1105549-a90e-4a41-9655-c3fcc5565788,2026-01-22T15:26:12Z,DE,approved,ios,False,
57855e5d-1c5c-4e5e-8fd2-77b49edc63e9,2026-01-26T21:33:17Z,GB,approved,web,False,
3ea2e44c-df6d-4534-9c60-be7034fa0b3a,2026-01-23T17:34:51Z,GB,approved,ios,False,
9a6fe990-6b3e-4527-922e-45bd2769b07d,2026-01-11T20:44:21Z,GB,pending,android,False,
c3088727-9c7d-4cf1-9ec2-477c9feda513,2026-01-17T00:51:35Z,IN,approved,android,True,2026-01-31T23:59:59Z
a5b59b77-0944-4826-997e-74693acacf63,2026-01-23T09:23:07Z,IN,approved,ios,False,
d1ab249a-36ed-49ad-8c05-1bef883db51c,2026-01-20T16:39:30Z,IN,approved,android,False,
892fafc7-e9ef-4f3d-b9ca-97c6ecebc926,2025-10-23T07:13:00Z,ES,approved,ios,False,
8324b595-f26c-4659-a41c-f300d69765b8,2025-11-11T21:35:42Z,US,approved,android,False,
5b299392-bb8c-4343-83f3-c7a95d5cb770,2026-01-17T14:41:34Z,NG,approved,ios,False,
426bdc2a-4dbc-4957-86bb-388007e3f084,2025-10-18T06:16:57Z,GB,approved,android,False,
ab925abf-c852-4754-a7fb-2cc3e1343830,2026-01-15T22:53:15Z,PH,none,ios,False,
e8922549-febb-4373-98b0-e986e3544940,2025-11-12T12:04:46Z,BR,none,android,False,
34ff2fdb-1078-4d88-8c75-bce24460b164,2025-10-10T23:59:36Z,FR,approved,android,False,
eac5389f-ffc5-4918-a715-b40f4c3a3f22,2026-01-22T16:58:44Z,US,approved,android,False,
14f4205f-0a23-4de4-b181-d9d2a09791e1,2025-11-22T08:10:20Z,FR,rejected,web,False,
606deb69-d023-4758-8137-ed7b453e5337,2026-01-25T18:41:12Z,ES,pending,ios,False,
e8caa01a-e1d7-4eee-ad14-4ac09b45ae76,2026-01-03T13:53:52Z,GB,rejected,android,False,
57582c10-0625-4fa2-98a3-5cedae20f54c,2026-01-02T12:19:58Z,US,approved,android,False,
dd181211-7bcb-4c5d-9e16-8802b50510d9,2026-01-19T12:33:19Z,ES,pending,ios,False,
78921b35-0fd9-4a72-a763-4eca44ab1a44,2026-01-18T11:45:56Z,IN,rejected,ios,False,
5a5608dd-d4ee-4e4d-8864-709e9e2e835b,2026-01-04T11:35:24Z,DE,approved,ios,False,
c48f3def-ed9a-4e13-917d-4278e17f3e71,2025-12-13T20:55:03Z,GB,approved,android,False,
3b3d729a-7288-4383-a273-f269a6127571,2026-01-21T15:58:52Z,DE,approved,android,False,
5f7ae578-df2a-42cf-bd9f-a3cdfbe4588c,2026-01-11T23:00:26Z,US,approved,android,False,
d830b3bd-119d-4f70-bcf6-52b9b8510f6a,2026-01-25T08:33:23Z,US,approved,web,True,2026-01-27T06:14:31Z
0ea96638-4a2e-4d78-a55b-aeaf2a4f3878,2026-01-18T21:25:30Z,GB,approved,android,False,
da1b73a2-2017-4623-821c-2b8641206182,2026-01-14T13:32:53Z,BR,approved,ios,False,
6e765004-867c-4eae-a6da-4be9d5e853c2,2026-01-04T18:58:19Z,DE,approved,android,False,
4763f428-0542-4f38-9a51-b73e852671ee,2025-10-23T23:36:27Z,BR,approved,android,False,
3956feca-b695-4b80-b26b-7afe8b529ed0,2026-01-15T07:15:17Z,US,rejected,ios,False,
74ea5b4a-8c1a-441c-bb4c-3cf63d1f59ff,2026-01-28T08:45:55Z,US,approved,android,False,
0e042f47-bce8-4fe1-89e5-4847870566e5,2026-01-15T03:55:01Z,IN,pending,android,False,
45ce38cc-6f06-412e-a23c-a05ed2f67c3a,2026-01-14T11:43:02Z,US,pending,android,False,
aa817adf-373c-42de-9845-5b407e7a5209,2026-01-30T07:30:11Z,GB,pending,android,False,
5b9d1714-33d2-4241-9770-5ccc8e60afa1,2025-11-27T15:24:02Z,BR,approved,android,False,
5cdaaa14-a8dd-47d1-9eb1-8477d761e36d,2026-01-08T01:01:08Z,NG,approved,android,False,
2c7d3b07-778e-414a-87fd-120fd5d57361,2026-01-19T14:25:18Z,US,approved,ios,False,
f9058b92-8fdc-4929-984e-a1e222abd476,2026-01-17T18:02:32Z,GB,approved,ios,False,
ff03383d-3d4a-4964-ac25-04749e762a98,2026-01-24T02:51:01Z,US,approved,android,False,
f15c347f-80f6-4fe5-b740-bb67dd0bf2f9,2026-01-19T22:27:54Z,BR,approved,ios,True,2026-01-31T23:59:59Z
c5d030c9-b09e-4772-b7b5-c94627b1e145,2026-01-16T07:48:14Z,PH,none,android,False,
7deaf1cd-7505-41ac-9ed5-ca4cc65ba78c,2026-01-21T23:04:01Z,DE,pending,android,False,
abaf5e1b-232e-41e8-bd8b-fc49101c808c,2025-11-28T00:10:34Z,NG,approved,android,False,
c0221489-4d23-4eba-b193-a16541c02c45,2026-01-10T11:06:17Z,BR,rejected,android,False,
7446c44b-d13d-4e48-9055-e203a8eacabd,2026-01-01T09:52:31Z,IN,none,ios,False,
7a878f1a-623c-4a0e-9d1d-0aa07ce7ccdd,2026-01-11T15:38:18Z,FR,none,ios,False,
1c741e6b-7c49-49c0-bc5a-770de9aa418e,2026-01-29T20:13:17Z,DE,rejected,android,False,
889a7377-9bcb-4d76-90fb-90a47e3c0927,2026-01-06T19:47:00Z,GB,approved,android,False,
3623444d-6c98-4ee9-887e-a312bd45d445,2026-01-09T23:16:15Z,MX,pending,android,False,
e615b019-60f2-41b2-9d9d-82e40c682994,2025-10-10T07:29:27Z,MX,approved,ios,False,
1fef5606-bc86-4ccf-bdf5-170f399155fb,2025-11-19T14:37:51Z,GB,approved,ios,False,
ea204b4b-c140-445d-bb51-36ebc98964dc,2026-01-03T21:58:24Z,US,pending,android,False,
04f8ade5-1969-432c-a45b-9ded1df50af2,2025-12-05T01:46:47Z,ES,none,android,False,
793fa92c-fbb3-41d5-abde-813718d1631a,2026-01-30T19:19:21Z,DE,approved,web,False,
73421b21-05b7-4fc3-85fd-d91319a0b837,2026-01-28T17:39:52Z,FR,none,android,False,
0faab0e3-b77a-4514-b4d2-5fdbe42c305d,2026-01-01T01:00:39Z,MX,pending,android,False,
c9f614d1-9f6d-4b9b-8775-477370c3c3b2,2025-10-18T23:51:55Z,BR,approved,web,False,
bc7f097d-850e-4c2e-ab05-066ee1a5eb19,2025-12-22T04:20:05Z,US,approved,ios,False,
11e4e8d4-94e8-4cf5-8cbe-75babf5145c1,2026-01-26T23:40:28Z,MX,approved,ios,False,
6727acc4-ddd4-4500-be61-60974e3a4df2,2026-01-05T09:38:04Z,ES,approved,android,False,
11a300d6-a8ba-4bd3-a4b0-36035d97d183,2025-11-23T00:24:53Z,US,rejected,android,False,
00946536-b078-40a5-a13b-3db5a8cf5268,2026-01-19T22:30:17Z,MX,approved,android,False,
79381af8-ebce-4fa4-b38b-e823780a5a7b,2026-01-10T04:44:31Z,GB,approved,ios,False,
5a96ca2d-bbd3-48db-9df5-14c1bbfbe648,2026-01-04T01:23:30Z,IN,approved,android,False,
63c46c66-126c-4674-812a-2c72a2f6a2f3,2025-12-28T22:39:05Z,US,approved,ios,False,
15e50dff-1ef4-4d9b-b9b2-90e97ee41838,2026-01-26T09:28:42Z,BR,approved,android,False,
59aab147-513a-4552-9f34-2b887700c406,2026-01-04T11:55:30Z,GB,approved,ios,False,
d86a91cf-c6f0-4415-acc0-1b53544ea181,2025-12-25T15:09:52Z,FR,pending,ios,False,
7745840a-a276-41ae-8deb-64682436f072,2026-01-05T17:21:13Z,BR,approved,ios,False,
adcc2a2e-4693-4a96-9273-1bfdc82c6b00,2026-01-25T03:12:50Z,NG,none,android,False,
7f0c61ca-b604-42c9-bee4-b470df729216,2026-01-20T12:22:26Z,US,approved,web,False,
34b733f2-ef8e-4462-8bc2-36909fadbf2d,2025-12-03T22:20:25Z,NG,none,ios,False,
6dab07f8-892c-4da1-ae93-f252d3db9ad3,2026-01-18T22:59:47Z,NG,rejected,ios,False,
8dafd5cb-0b30-455d-9f22-6990f003f89f,2026-01-31T16:33:36Z,DE,none,android,False,
477b9cef-5f93-4881-a65d-5368881c5409,2026-01-09T17:01:52Z,MX,approved,android,False,
f649cac7-ba02-44e0-947f-3f02a8a18425,2026-01-24T02:35:41Z,DE,approved,ios,False,
a39a6ff0-0850-4617-9826-50ae91eb4099,2026-01-09T11:21:51Z,DE,pending,ios,False,
02d4da93-4a5c-4249-97e2-5f55ab4e1ca1,2025-10-11T13:02:02Z,US,pending,ios,False,
7dbd0ca1-4481-4ed5-9d83-0db5c36d877b,2026-01-05T15:28:47Z,DE,rejected,android,False,
8f075b4b-0e79-4637-8f35-c0c6a2eeac47,2026-01-31T09:53:01Z,DE,pending,ios,False,
83fda67e-360a-43af-b1bd-634614c77aa1,2026-01-24T00:43:51Z,BR,rejected,ios,False,
0350f53a-7c0a-4c3e-899d-5a61d1f49f9a,2026-01-11T04:11:23Z,ES,approved,ios,False,
9cae9c33-8a9b-4f20-8720-de061e6ff2e4,2026-01-03T13:06:58Z,MX,approved,ios,False,
cadcbe95-22c5-4e49-8794-540da67a06b8,2026-01-12T10:08:39Z,FR,approved,android,False,
9dcf309a-bfbd-4250-902d-1a65fd05ed28,2026-01-16T19:27:01Z,US,pending,ios,False,
bcd977ac-55a1-45cf-8a03-18dcb739beb5,2026-01-10T16:57:55Z,ES,approved,ios,False,
01e5345a-be30-401f-b2c9-f1da79fae155,2025-12-12T16:07:47Z,MX,approved,android,False,
54a79fa7-1e12-4f0f-8557-2b1cd4534cf6,2026-01-31T16:21:28Z,US,approved,ios,True,2026-01-31T23:59:59Z
f748ed20-e94e-4350-984f-e874e614bea5,2026-01-06T09:27:06Z,IN,pending,android,False,
f49addc0-3127-47c8-b89d-429b0ab706a1,2025-10-14T18:17:30Z,IN,approved,android,False,
89bfde16-32bd-448c-aa14-740081c1c8a3,2025-12-01T20:51:06Z,ES,approved,android,False,
8c955777-9196-4732-8963-413418df6239,2026-01-23T11:09:28Z,US,approved,android,False,
49dfb098-101b-4626-b45a-8552c3698448,2026-01-29T03:07:40Z,US,rejected,web,False,
b5c590e1-90d8-449a-a636-1abf6814a430,2025-11-07T22:23:24Z,GB,approved,android,True,2026-01-17T14:21:24Z
b8b8154b-9868-416f-9db0-1089823d64ac,2026-01-05T18:10:38Z,BR,approved,ios,True,2026-01-29T09:58:54Z
04c8995b-a7d9-4676-9e06-e8f413adf62c,2025-12-14T10:57:04Z,US,none,android,False,
62508f6a-eb2f-44b9-b153-dceeb1d966d3,2026-01-23T07:06:11Z,IN,none,android,False,
3c8f2e4e-3d8f-4116-9de1-e193647376d7,2025-11-09T17:15:59Z,IN,approved,ios,False,
e42aa4e3-97c8-411d-8aa6-08bd75ebc15c,2025-12-21T09:59:14Z,MX,none,ios,False,
2274ff55-cff5-43a6-ac8e-c350f4c7ca6c,2026-01-30T17:36:56Z,NG,approved,android,False,
16883ec8-1708-4611-876a-4a3a55704df3,2025-12-23T05:15:33Z,PH,approved,android,False,
c76bfda5-7531-4da6-8d53-42db8127d481,2026-01-31T01:20:33Z,GB,approved,ios,False,
c0098730-9d4b-48fd-a00b-7b7ed345dc30,2026-01-10T22:30:26Z,GB,approved,ios,False,
7325ddb5-3c66-4e27-a007-02d79c50833c,2026-01-29T03:53:17Z,IN,approved,android,False,
30f74300-6ab1-4297-826b-7fa57d0292c0,2026-01-13T23:29:40Z,BR,none,ios,False,
27fa6c2e-3b9c-464a-88a7-3b7d55fc6db1,2026-01-25T08:13:54Z,NG,approved,ios,False,
8dfd41c9-ec75-494d-abb1-628483d3bbb2,2026-01-15T04:30:45Z,BR,approved,ios,False,
ee6b1d64-cc2e-41f8-a006-95702f8019fd,2025-12-22T17:08:33Z,MX,none,android,False,
dfd8d36c-e73b-449e-a201-339891d7ba4d,2026-01-04T17:39:00Z,GB,approved,ios,False,
7b380954-8f03-4c4e-9318-b6c426a1b6e7,2025-10-25T01:09:42Z,GB,approved,ios,False,
3de5f194-0c14-480e-8dcd-8330deff478c,2026-01-21T09:29:12Z,BR,pending,android,False,
1408aec2-2fbd-4474-93c5-827f8fd5e597,2025-12-01T05:04:53Z,DE,approved,ios,False,
86d034b6-a30b-4920-8fe0-6d6d5b0a4f8d,2026-01-29T19:18:40Z,DE,approved,android,False,
fd670a33-5411-4a3e-a08e-3387dde7d017,2026-01-15T21:05:33Z,GB,approved,ios,False,
b3fdff9b-9888-408b-915c-32737cc35191,2025-12-24T18:35:57Z,US,pending,android,False,
dcb23342-b900-48fe-951a-45a646b9add4,2026-01-14T20:20:10Z,US,approved,ios,False,
1a10ba36-a6ec-4858-a007-a9d62fc7df27,2025-12-10T15:20:18Z,GB,approved,web,False,
fa4024ac-e770-45e2-9568-72f136dac670,2026-01-10T23:01:23Z,NG,approved,ios,False,
fa4877dd-02c4-4e87-aa7d-08f41b958535,2026-01-27T04:59:24Z,PH,none,android,True,2026-01-31T23:59:59Z
fcd87857-66a2-4d72-9916-75893b8fa4b3,2025-11-20T18:19:06Z,GB,rejected,android,False,
fddba824-8de5-4f99-a33d-3b22a387a98d,2026-01-24T00:08:45Z,MX,approved,web,False,
62d2348d-7418-456d-ba20-c8e7cbcb6bf8,2026-01-28T10:32:32Z,FR,approved,web,False,
ebdd4efd-b56f-456e-8c93-cb7ff02786be,2026-01-02T22:41:51Z,GB,approved,android,False,
83967bc0-515d-4cf9-aac9-625311226d10,2025-11-03T10:59:16Z,GB,approved,ios,False,
085774a3-7df7-4d16-b066-bc0c1d614af5,2026-01-14T11:48:31Z,US,approved,ios,False,
ddc51817-c269-477e-b469-acd30b4bd1a6,2025-10-26T09:38:23Z,US,approved,ios,False,
80eaa828-6184-44ea-9b45-5005b5a11182,2025-11-14T09:31:32Z,GB,approved,android,False,
c97c9e19-2062-47b2-9db9-d16668ec6f9e,2026-01-18T01:21:29Z,US,approved,ios,False,
65040ec7-de22-420e-895a-83784fee0b6b,2025-11-07T07:53:21Z,US,rejected,android,False,
ec4246b0-3da3-4023-abf2-e370974f1c15,2025-12-13T02:37:18Z,NG,approved,ios,False,
9254b2d9-054b-4ae8-b64d-099a1b834e65,2026-01-17T06:47:19Z,GB,approved,web,False,
a342b5bc-3035-4fa7-8406-6195e71fafec,2026-01-14T06:27:04Z,ES,approved,android,False,
2491bcf9-3299-470f-9e4e-413592c1ff9b,2026-01-10T00:42:47Z,IN,approved,ios,False,
8170d96e-0519-44cc-86cf-c0524dc518fb,2026-01-29T09:49:01Z,US,approved,android,True,2026-01-29T16:25:29Z
64bf24b8-83a7-4632-b68a-f4167ecc3be0,2026-01-31T21:38:49Z,BR,approved,android,False,
19678ca1-cbf0-47c2-b40b-92dc917ac99a,2026-01-12T21:09:17Z,GB,approved,android,False,
96fb45d7-a0af-457f-bf83-64d8f9e5f479,2026-01-18T13:28:49Z,NG,approved,android,False,
0383ae7e-efec-4287-8122-ab8d612918ed,2026-01-06T19:19:30Z,ES,none,android,False,
34e15085-45db-441a-bbff-6ad09732ea62,2026-01-08T02:15:43Z,US,none,android,False,
